species	taxon_id	corresponding_file
Streptococcus thermophilus	1308	St_thermophilus_STH_CIRM_2101_C
Lactobacillus crispatus	47770	Lb_crispatus_UMNLC18_S
Leuconostoc lactis	1246	Leu_lactis_CBA3626_C
Lactobacillus crispatus	47770	Lb_crispatus_UMNLC14_S
Latilactobacillus sakei	1599	Lb_sakei_RI-409_S
Leuconostoc citreum	33964	Leu_citreum_CIRM-BIA_2098_S
Bifidobacterium longum	216816	B_longum_1001271st1_B4_S
Lactococcus lactis	1358	Lco_lactis_S0_C
Lactobacillus gasseri	1596	Lb_gasseri_4M13_C
Lacticaseibacillus rhamnosus	47715	Lb_rhamnosus_CIRM-BIA_780_S
Lactobacillus acidophilus	1579	Lb_acidophilus_CIRM-BIA_902_S
Leuconostoc citreum	33964	Leu_citreum_CIRM-BIA_2091_S
Lactococcus lactis	1358	Lco_lactis_AI06_C
Lactobacillus delbrueckii	1584	Lb_delbrueckii_subsp-bulgaricus_CIRM-BIA_1383_S
Leuconostoc citreum	33964	Leu_citreum_KM20_C
Lactobacillus helveticus	1587	Lb_helveticus_IMAU80627_S
Lactobacillus johnsonii	33959	Lb_johnsonii_G2A_C
Lactobacillus helveticus	1587	Lb_helveticus_FAM21493_S
Bifidobacterium longum	216816	B_longum_D6t1_180914_F8_S
Lactococcus lactis	1358	Lco_lactis_subsp-lactis_EIP25C_S
Lactiplantibacillus plantarum	1590	Lb_plantarum_CIRM-BIA_1525_S
Lactococcus lactis	1358	Lco_lactis_subsp-lactis_EIP20B_S
Lactobacillus helveticus	1587	Lb_helveticus_IMAU10029_S
Lactobacillus acidophilus	1579	Lb_acidophilus_CIRM-BIA_441_S
Leuconostoc falkenbergense	2766470	Leu_falkenbergense_CIRM-BIA_1261_S
Lacticaseibacillus rhamnosus	47715	Lb_rhamnosus_Pen_C
Lactobacillus pentosus	1589	Lb_pentosus_DSM_20314_C
Lacticaseibacillus rhamnosus	47715	Lb_rhamnosus_979_LRHA_S
Latilactobacillus sakei	1599	Lb_sakei_J64_C
Leuconostoc mesenteroides	1245	Leu_mesenteroides_LBAE_E18_S
Brevibacillus brevis	1393	Lb_brevis_ATCC_14869_S
Lactobacillus helveticus	1587	Lb_helveticus_CIRM-BIA_112_S
Lactobacillus pentosus	1589	Lb_pentosus_ZFM94_C
Lactobacillus amylovorus	1604	Lb_amylovorus_DSM_20531_C
Leuconostoc mesenteroides	1245	Leu_mesenteroides_SRCM103460_C
Pediococcus pentosaceus	1255	Pe_pentosaceus_CIRM-BIA_749_S
Lentilactobacillus buchneri	1581	Lb_buchneri_LA1175D_S
Latilactobacillus curvatus	28038	Lb_curvatus_ZJUNIT8_C
Bifidobacterium longum	216816	B_longum_AF26-10_S
Lactobacillus delbrueckii	1584	Lb_delbrueckii_DSM_20080_C
Lactobacillus delbrueckii	1584	Lb_delbrueckii_subsp-lactis_CIRM-BIA_1368_S
Weissella cibaria	137591	W_cibaria_LBAE_K39_S
Lactobacillus fermentum	1613	Lb_fermentum_CIRM-BIA_697_S
Streptococcus thermophilus	1308	St_thermophilus_STH_CIRM_967_C
Latilactobacillus curvatus	28038	Lb_curvatus_CIRM-BIA_469_S
Streptococcus thermophilus	1308	St_thermophilus_ND03_C
Lactococcus lactis	1358	Lco_lactis_RTB018_S
Pediococcus pentosaceus	1255	Pe_pentosaceus_FAM19086_S
Lactobacillus johnsonii	33959	Lb_johnsonii_DC22-2_C
Lactobacillus helveticus	1587	Lb_helveticus_LZ-R-5_C
Lactobacillus coryniformis	1610	Lb_coryniformis_KCTC_3167_S
Weissella cibaria	137591	W_cibaria_1369_S
Lactobacillus helveticus	1587	Lb_helveticus_UC1267_S
Lactiplantibacillus plantarum	1590	Lb_plantarum_CIRM-BIA_2110_S
Lactobacillus helveticus	1587	Lb_helveticus_IMAU30115_S
Lacticaseibacillus rhamnosus	47715	Lb_rhamnosus_NCTC13764_C
Latilactobacillus curvatus	28038	Lb_curvatus_CBA3617_C
Streptococcus thermophilus	1308	St_thermophilus_STH_CIRM_336_C
Lactobacillus helveticus	1587	Lb_helveticus_DLBSA202_S
Lacticaseibacillus rhamnosus	47715	Lb_rhamnosus_769_LRHA_S
Lactobacillus helveticus	1587	Lb_helveticus_FAM8105_C
Pediococcus pentosaceus	1255	Pe_pentosaceus_SRCM102736_C
Lactococcus lactis	1358	Lco_lactis_NZ9000_C
Bifidobacterium breve	1685	B_breve_NRBB02_C
Leuconostoc mesenteroides	1245	Leu_mesenteroides_LK-151_C
Lactobacillus crispatus	47770	Lb_crispatus_UMB0054_S
Pediococcus pentosaceus	1255	Pe_pentosaceus_LBAE_C15_S
Streptococcus thermophilus	1308	St_thermophilus_ND07_C
Lactobacillus helveticus	1587	Lb_helveticus_H9_C
Lactobacillus crispatus	47770	Lb_crispatus_UMB0040_S
Brevibacillus brevis	1393	Lb_brevis_DM9218_S
Streptococcus thermophilus	1308	St_thermophilus_MN-BM-A01_C
Lacticaseibacillus rhamnosus	47715	Lb_rhamnosus_4B15_C
Streptococcus thermophilus	1308	St_thermophilus_STH_CIRM_65_C
Limosilactobacillus reuteri	1598	Lb_reuteri_SD2112_C
Bifidobacterium longum	216816	B_longum_TPY12-1_S
Brevibacillus brevis	1393	Lb_brevis_ATCC_367_C
Lactobacillus crispatus	47770	Lb_crispatus_UMNLC13_S
Lactococcus cremoris	1359	Lco_cremoris_CIRM-BIA_87_S
Latilactobacillus sakei	1599	Lb_sakei_DS4_C
Bifidobacterium longum	216816	B_longum_NCIMB8809_C
Lacticaseibacillus rhamnosus	47715	Lb_rhamnosus_AMC0710_S
Lacticaseibacillus rhamnosus	47715	Lb_rhamnosus_AMC0722_S
Bifidobacterium longum	216816	B_longum_KACC_91563_C
Lactococcus cremoris	1359	Lco_cremoris_EIP36F_S
Lactococcus lactis	1358	Lco_lactis_CIRM-BIA_644_S
Streptococcus thermophilus	1308	St_thermophilus_STH_CIRM_19_C
Weissella paramesenteroides	1249	W_paramesenteroides_1397_S
Lacticaseibacillus rhamnosus	47715	Lb_rhamnosus_CIRM-BIA_913_S
Lactobacillus helveticus	1587	Lb_helveticus_UC1285_S
Pediococcus pentosaceus	1255	Pe_pentosaceus_FAM_22491_S
Latilactobacillus sakei	1599	Lb_sakei_23K_C
Lactococcus lactis	1358	Lco_lactis_G50_C
Lactococcus lactis	1358	Lco_lactis_CIRM-BIA_637_S
Lactiplantibacillus plantarum	1590	Lb_plantarum_CIRM-BIA_466_S
Weissella confusa	1583	W_confusa_1310_S
Leuconostoc citreum	33964	Leu_citreum_CIRM-BIA_2099_S
Latilactobacillus curvatus	28038	Lb_curvatus_FBA2_C
Pediococcus pentosaceus	1255	Pe_pentosaceus_DSM_20281_S
Lactococcus lactis	1358	Lco_lactis_CIRM-BIA_1562_S
Latilactobacillus sakei	1599	Lb_sakei_LZ217_C
Propionibacterium freudenreichii	1744	Pr_freudenreichii_CIRM_BIA125_S
Lentilactobacillus kefiri	33962	Lb_kefiri_DSM_20587_S
Leuconostoc citreum	33964	Leu_citreum_CIRM-BIA_2096_S
Streptococcus thermophilus	1308	St_thermophilus_CS9_C
Lactococcus lactis	1358	Lco_lactis_L19_C
Lacticaseibacillus rhamnosus	47715	Lb_rhamnosus_AMC0706_S
Latilactobacillus curvatus	28038	Lb_curvatus_DSM_20019_C
Lactobacillus acidophilus	1579	Lb_acidophilus_CIRM-BIA_448_S
Lactobacillus gasseri	1596	Lb_gasseri_DSM_14869_C
Bifidobacterium longum	216816	B_longum_Bifidobacterium_longum_subsp_infantis_MC1_S
Lactobacillus gallinarum	52242	Lb_gallinarum_HFD4_C
Lacticaseibacillus rhamnosus	47715	Lb_rhamnosus_541_LRHA_S
Bifidobacterium longum	216816	B_longum_TF01-22_S
Lactobacillus johnsonii	33959	Lb_johnsonii_UMNLJ22_C
Propionibacterium freudenreichii	1744	Pr_freudenreichii_CIRM-BIA_691_S
Lactobacillus pentosus	1589	Lb_pentosus_BGM48_C
Lactococcus cremoris	1359	Lco_cremoris_L25_S
Lacticaseibacillus rhamnosus	47715	Lb_rhamnosus_1-0320_C
Lactobacillus johnsonii	33959	Lb_johnsonii_DPC_6026_C
Lactobacillus helveticus	1587	Lb_helveticus_IMAU10049_S
Propionibacterium freudenreichii	1744	Pr_freudenreichii_CIRM-B1AI_C
Lactobacillus helveticus	1587	Lb_helveticus_IMAU30120_S
Lactobacillus crispatus	47770	Lb_crispatus_RL10_S
Lactobacillus helveticus	1587	Lb_helveticus_CNRZ32_C
Bifidobacterium longum	216816	B_longum_N5E04_S
Lacticaseibacillus rhamnosus	47715	Lb_rhamnosus_1001283B150210_160208_A4_S
Lacticaseibacillus rhamnosus	47715	Lb_rhamnosus_AMC0707_S
Brevibacillus brevis	1393	Lb_brevis_SRCM101174_C
Bifidobacterium breve	1685	B_breve_NRBB18_C
Bifidobacterium longum	216816	B_longum_AF13-34_S
Lactobacillus delbrueckii	1584	Lb_delbrueckii_subsp-lactis_CIRM-BIA_209_S
Brevibacillus brevis	1393	Lb_brevis_CIRM-BIA_899_S
Lactobacillus crispatus	47770	Lb_crispatus_CO3MRSI1_C
Lactobacillus helveticus	1587	Lb_helveticus_CIRM-BIA_98_S
Streptococcus thermophilus	1308	St_thermophilus_STH_CIRM_1122_C
Pediococcus parvulus	54062	Pe_parvulus_CIRM-BIA_1519_S
Pediococcus acidilactici	1254	Pe_acidilactici_SRCM101189_C
Lacticaseibacillus rhamnosus	47715	Lb_rhamnosus_LMS2-1_S
Brevibacillus brevis	1393	Lb_brevis_SRCM101106_C
Propionibacterium freudenreichii	1744	Pr_freudenreichii_PFRJS12_C
Lentilactobacillus hilgardii	1588	Lb_hilgardii_LH500_C
Lactiplantibacillus plantarum	1590	Lb_plantarum_ATCC_14917_S
Lactococcus lactis	1358	Lco_lactis_SK11_C
Lactobacillus helveticus	1587	Lb_helveticus_IMAU40093_S
Bifidobacterium longum	216816	B_longum_BSD2780061688b_171218_H1_S
Streptococcus thermophilus	1308	St_thermophilus_STH_CIRM_1125_C
Lactobacillus crispatus	47770	Lb_crispatus_FB049-03_S
Lacticaseibacillus rhamnosus	47715	Lb_rhamnosus_AMC0716_S
Pediococcus acidilactici	1254	Pe_acidilactici_1001311H_170123_E5_S
Pediococcus acidilactici	1254	Pe_acidilactici_PMC65_C
Bifidobacterium longum	216816	B_longum_1001713B170214_170313_H7_S
Lacticaseibacillus rhamnosus	47715	Lb_rhamnosus_CIRM-BIA_2125_S
Lactococcus cremoris	1359	Lco_cremoris_189_S
Lactobacillus fermentum	1613	Lb_fermentum_ATCC_14931_S
Lactococcus lactis	1358	Lco_lactis_subsp-lactis_EIP26B_S
Weissella paramesenteroides	1249	W_paramesenteroides_1398_S
Lactiplantibacillus plantarum	1590	Lb_plantarum_CIRM-BIA_2114_S
Leuconostoc falkenbergense	2766470	Leu_falkenbergense_CIRM-BIA_876_S
Lactobacillus crispatus	47770	Lb_crispatus_MV-3A-US_S
Lactobacillus acidophilus	1579	Lb_acidophilus_ATCC_4796_S
Leuconostoc citreum	33964	Leu_citreum_CIRM-BIA_1455_S
Lactobacillus helveticus	1587	Lb_helveticus_IMAU30143_S
Lactococcus cremoris	1359	Lco_cremoris_CIRM-BIA_1573_S
Lactobacillus fermentum	1613	Lb_fermentum_CECT_5716_S
Lactobacillus delbrueckii	1584	Lb_delbrueckii_CBC-LB69_S
Streptococcus thermophilus	1308	St_thermophilus_STH_CIRM_1121_C
Propionibacterium freudenreichii	1744	Pr_freudenreichii_CIRM_BIA122_C
Lactobacillus johnsonii	33959	Lb_johnsonii_N6-2_C
Lactococcus lactis	1358	Lco_lactis_CIRM-BIA_2201_S
Lactobacillus gasseri	1596	Lb_gasseri_1001175B_160314_D8_S
Leuconostoc citreum	33964	Leu_citreum_1301_LGAS_S
Streptococcus thermophilus	1308	St_thermophilus_05-34_S
Streptococcus thermophilus	1308	St_thermophilus_S9_C
Brevibacillus brevis	1393	Lb_brevis_TMW_1-2108_C
Bifidobacterium longum	216816	B_longum_1001302B_160321_G1_S
Latilactobacillus curvatus	28038	Lb_curvatus_CIRM-BIA_1513_S
Bifidobacterium breve	1685	B_breve_HPH0326_S
Lactobacillus acidophilus	1579	Lb_acidophilus_DSM_9126_S
Lactococcus lactis	1358	Lco_lactis_subsp-lactis_EIP19F_S
Lactobacillus helveticus	1587	Lb_helveticus_IMAU50091_S
Lactobacillus pentosus	1589	Lb_pentosus_CIRM-BIA_2169_S
Lactococcus lactis	1358	Lco_lactis_F_C
Propionibacterium freudenreichii	1744	Pr_freudenreichii_CIRM-BIA_6_S
Leuconostoc mesenteroides	1245	Leu_mesenteroides_SRCM102733_C
Brevibacillus brevis	1393	Lb_brevis_CIRM-BIA_907_S
Streptococcus salivarius	1304	Lb_salivarius_Ren_C
Lactobacillus acidophilus	1579	Lb_acidophilus_YT1_C
Lentilactobacillus kefiri	33962	Lb_kefiri_MGYG-HGUT-02472_S
Lactobacillus coryniformis	1610	Lb_coryniformis_DSM_20001_C
Lactobacillus acidophilus	1579	Lb_acidophilus_DSM_20079_C
Lactobacillus acidophilus	1579	Lb_acidophilus_CIRM-BIA_903_S
Bifidobacterium longum	216816	B_longum_AF35-13AC_S
Limosilactobacillus reuteri	1598	Lb_reuteri_JCM_1112_C
Bifidobacterium longum	216816	B_longum_BSD2780120875_150330_F5_S
Propionibacterium freudenreichii	1744	Pr_freudenreichii_CIRM_BIA122_S
Bifidobacterium longum	216816	B_longum_BORI_C
Lactococcus lactis	1358	Lco_lactis_CF106_S
Lacticaseibacillus rhamnosus	47715	Lb_rhamnosus_ATCC_21052_S
Lactobacillus gasseri	1596	Lb_gasseri_497_LGAS_S
Lactiplantibacillus plantarum	1590	Lb_plantarum_ST-III_C
Lactococcus lactis	1358	Lco_lactis_KF147_C
Lacticaseibacillus paracasei	1597	Lb_paracasei_MGB0761_C
Weissella cibaria	137591	W_cibaria_1366_S
Lactobacillus crispatus	47770	Lb_crispatus_RL15_S
Bifidobacterium breve	1685	B_breve_1001270B_150601_B2_S
Bifidobacterium longum	216816	B_longum_105-A_C
Lactobacillus delbrueckii	1584	Lb_delbrueckii_KCCM_34717_C
Lactobacillus delbrueckii	1584	Lb_delbrueckii_865_S
Lactobacillus crispatus	47770	Lb_crispatus_PSS7772C_S
Lactobacillus pentosus	1589	Lb_pentosus_krglsrbmofpi2_S
Lactococcus cremoris	1359	Lco_cremoris_CIRM-BIA_636_S
Lactiplantibacillus plantarum	1590	Lb_plantarum_CIRM-BIA_2224_S
Bifidobacterium longum	216816	B_longum_AF13-41_S
Lacticaseibacillus rhamnosus	47715	Lb_rhamnosus_214_LRHA_S
Pediococcus pentosaceus	1255	Pe_pentosaceus_SL4_C
Latilactobacillus curvatus	28038	Lb_curvatus_CIRM-BIA_1458_S
Lacticaseibacillus casei	1582	Lb_casei_12A_C
Bifidobacterium breve	1685	B_breve_689b_C
Lactobacillus delbrueckii	1584	Lb_delbrueckii_subsp-bulgaricus_CIRM-BIA_1581_S
Brevibacillus brevis	1393	Lb_brevis_UCCLBBS124_C
Lactococcus lactis	1358	Lco_lactis_CIRM-BIA_635_S
Lactobacillus fermentum	1613	Lb_fermentum_CIRM-BIA_867_S
Leuconostoc mesenteroides	1245	Leu_mesenteroides_CIRM-BIA_1146_S
Lactiplantibacillus plantarum	1590	Lb_plantarum_1525_S
Limosilactobacillus reuteri	1598	Lb_reuteri_CIRM-BIA_929_S
Lacticaseibacillus rhamnosus	47715	Lb_rhamnosus_ASCC_3018_S
Pediococcus acidilactici	1254	Pe_acidilactici_SRCM103444_C
Lactococcus lactis	1358	Lco_lactis_L81-D1_S
Lactobacillus helveticus	1587	Lb_helveticus_CAUH18_C
Leuconostoc mesenteroides	1245	Leu_mesenteroides_ATCC_8293_C
Lactobacillus crispatus	47770	Lb_crispatus_UMNLC21_S
Lactococcus lactis	1358	Lco_lactis_JM2_C
Lactobacillus gasseri	1596	Lb_gasseri_AL5_S
Lactobacillus crispatus	47770	Lb_crispatus_125-2-CHN_S
Lactococcus lactis	1358	Lco_lactis_537_S
Pediococcus pentosaceus	1255	Pe_pentosaceus_FAM_20709_S
Lactiplantibacillus plantarum	1590	Lb_plantarum_CIRM-BIA_2113_S
Lactobacillus acidophilus	1579	Lb_acidophilus_CIRM-BIA_443_S
Bifidobacterium longum	216816	B_longum_Bifidobacterium_longum_subsp_infantis_MC2_S
Pediococcus pentosaceus	1255	Pe_pentosaceus_SRCM100892_C
Lactiplantibacillus plantarum	1590	Lb_plantarum_CIRM-BIA_2117_S
Weissella beninensis	504936	W_beninensis_716_S
Lacticaseibacillus paracasei	1597	Lb_paracasei_MGB0734_C
Lactobacillus acidophilus	1579	Lb_acidophilus_CIRM-BIA_444_S
Brevibacillus brevis	1393	Lb_brevis_NCTC13768_C
Latilactobacillus curvatus	28038	Lb_curvatus_VRA_2sq_f_S
Bifidobacterium longum	216816	B_longum_BSD2780061689_150309_E10_S
Bifidobacterium breve	1685	B_breve_S27_C
Lactobacillus delbrueckii	1584	Lb_delbrueckii_subsp-bulgaricus_CIRM-BIA_1586_S
Leuconostoc mesenteroides	1245	Leu_mesenteroides_CIRM-BIA_427_S
Lacticaseibacillus rhamnosus	47715	Lb_rhamnosus_CIRM-BIA_1107_S
Streptococcus thermophilus	1308	St_thermophilus_STH_CIRM_1035_C
Pediococcus pentosaceus	1255	Pe_pentosaceus_FAM_24213_S
Lactobacillus fermentum	1613	Lb_fermentum_CIRM-BIA_2151_S
Weissella confusa	1583	W_confusa_1407_S
Bifidobacterium breve	1685	B_breve_NRBB57_C
Lactiplantibacillus plantarum	1590	Lb_plantarum_CIRM-BIA_2107_S
Lacticaseibacillus rhamnosus	47715	Lb_rhamnosus_Lrh46_S
Propionibacterium freudenreichii	1744	Pr_freudenreichii_CIRM_BIA119_S
Lactobacillus helveticus	1587	Lb_helveticus_FAM22155_C
Bifidobacterium breve	1685	B_breve_NRBB04_C
Bifidobacterium breve	1685	B_breve_NCFB_2258_C
Lacticaseibacillus paracasei	1597	Lb_paracasei_JCM_8130_C
Streptococcus thermophilus	1308	St_thermophilus_KLDS_SM_C
Bifidobacterium longum	216816	B_longum_TF07-31_S
Streptococcus thermophilus	1308	St_thermophilus_KLDS3-1012_S
Leuconostoc mesenteroides	1245	Leu_mesenteroides_DE0394_S
Lacticaseibacillus rhamnosus	47715	Lb_rhamnosus_GG_C
Lactococcus lactis	1358	Lco_lactis_CIRM-BIA_44_S
Lactobacillus crispatus	47770	Lb_crispatus_DC21-1_C
Latilactobacillus curvatus	28038	Lb_curvatus_CIRM-BIA_520_S
Lacticaseibacillus rhamnosus	47715	Lb_rhamnosus_CIRM-BIA_1112_S
Propionibacterium freudenreichii	1744	Pr_freudenreichii_CIRM_BIA527_S
Lactococcus cremoris	1359	Lco_cremoris_EIP53A_S
Lactococcus lactis	1358	Lco_lactis_UC11_C
Lactobacillus helveticus	1587	Lb_helveticus_FAM22076_S
Bifidobacterium breve	1685	B_breve_082W48_C
Bacillus hominis	2817478	Lb_hominis_CIRM-BIA_873_S
Lactobacillus delbrueckii	1584	Lb_delbrueckii_ND04_C
Lactobacillus pentosus	1589	Lb_pentosus_CIRM-BIA_2171_S
Bifidobacterium longum	216816	B_longum_JCM_1222_C
Latilactobacillus curvatus	28038	Lb_curvatus_RI-198_S
Lentilactobacillus buchneri	1581	Lb_buchneri_NK01_S
Bifidobacterium longum	216816	B_longum_1001136B_160425_B5_S
Lactobacillus delbrueckii	1584	Lb_delbrueckii_subsp-lactis_CIRM-BIA_1370_S
Lactobacillus pentosus	1589	Lb_pentosus_IG6_S
Lactococcus lactis	1358	Lco_lactis_CIRM-BIA_1577_S
Lactobacillus helveticus	1587	Lb_helveticus_IMAU30002_S
Lentilactobacillus parabuchneri	152331	Lb_parabuchneri_1013_S
Lactobacillus pentosus	1589	Lb_pentosus_CIRM-BIA_2177_S
Lactobacillus helveticus	1587	Lb_helveticus_IMAU30025_S
Lactobacillus delbrueckii	1584	Lb_delbrueckii_subsp-bulgaricus_CIRM-BIA_906_S
Lactococcus lactis	1358	Lco_lactis_A76_C
Bifidobacterium breve	1685	B_breve_JCM_7019_C
Lactococcus lactis	1358	Lco_lactis_UL8_C
Lactobacillus helveticus	1587	Lb_helveticus_IMAU70168_S
Lactococcus lactis	1358	Lco_lactis_DPC6856_S
Bifidobacterium breve	1685	B_breve_MCC_0305_S
Lactobacillus acidophilus	1579	Lb_acidophilus_CIP_CIRM_DSM20242_S
Lactobacillus johnsonii	33959	Lb_johnsonii_BS15_C
Bifidobacterium breve	1685	B_breve_MCC_1605_S
Latilactobacillus sakei	1599	Lb_sakei_MFPB16A1401_C
Lacticaseibacillus paracasei	1597	Lb_paracasei_8700-2_C
Brevibacillus brevis	1393	Lb_brevis_TMW_1-6_S
Pediococcus pentosaceus	1255	Pe_pentosaceus_FAM18321_S
Latilactobacillus curvatus	28038	Lb_curvatus_LBAE_O33_S
Lactobacillus helveticus	1587	Lb_helveticus_UC1035_S
Lactobacillus johnsonii	33959	Lb_johnsonii_117x_S
Propionibacterium freudenreichii	1744	Pr_freudenreichii_ITG_P20_S
Lactiplantibacillus plantarum	1590	Lb_plantarum_192_S
Lactococcus lactis	1358	Lco_lactis_L98_S
Streptococcus thermophilus	1308	St_thermophilus_STH_CIRM_956_C
Pediococcus pentosaceus	1255	Pe_pentosaceus_LBAE_D28_S
Streptococcus thermophilus	1308	St_thermophilus_ST3_C
Lacticaseibacillus casei	1582	Lb_casei_L-cR4_S
Latilactobacillus sakei	1599	Lb_sakei_CBA3614_C
Lactobacillus helveticus	1587	Lb_helveticus_IMAU30046_S
Leuconostoc citreum	33964	Leu_citreum_LBAE_B3_S
Bifidobacterium breve	1685	B_breve_JCM_7017_C
Lacticaseibacillus paracasei	1597	Lb_paracasei_ATCC_25302_S
Lactococcus cremoris	1359	Lco_cremoris_CIRM-BIA_643_S
Pediococcus parvulus	54062	Pe_parvulus_CIRM-BIA_1640_S
Lactobacillus delbrueckii	1584	Lb_delbrueckii_NBRC_3202_C
Bifidobacterium breve	1685	B_breve_MGYG-HGUT-02469_C
Lactobacillus delbrueckii	1584	Lb_delbrueckii_CIRM-BIA_908_S
Leuconostoc citreum	33964	Leu_citreum_NRIC_1776_S
Lactobacillus crispatus	47770	Lb_crispatus_RL09_S
Bifidobacterium longum	216816	B_longum_AM12-16_S
Streptococcus thermophilus	1308	St_thermophilus_ATCC_19258_S
Bifidobacterium breve	1685	B_breve_JSRL01_C
Leuconostoc citreum	33964	Leu_citreum_CIRM-BIA_1456_S
Pediococcus pentosaceus	1255	Pe_pentosaceus_wikim20_C
Bifidobacterium breve	1685	B_breve_N6D12_S
Latilactobacillus curvatus	28038	Lb_curvatus_KG6_C
Lentilactobacillus kefiri	33962	Lb_kefiri_SGL_13_S
Lacticaseibacillus paracasei	1597	Lb_paracasei_CIRM-BIA_1511_S
Lactobacillus delbrueckii	1584	Lb_delbrueckii_subsp-lactis_CIRM-BIA_277_S
Lactiplantibacillus plantarum	1590	Lb_plantarum_CIRM-BIA_2184_S
Lactobacillus acidophilus	1579	Lb_acidophilus_ATCC_53544_C
Bifidobacterium longum	216816	B_longum_AM20-39_S
Lactobacillus pentosus	1589	Lb_pentosus_CIRM-BIA_2170_S
Bifidobacterium longum	216816	B_longum_CCUG30698_C
Bifidobacterium longum	216816	B_longum_N2E12_S
Latilactobacillus sakei	1599	Lb_sakei_LT-13_C
Lacticaseibacillus rhamnosus	47715	Lb_rhamnosus_LR-CVC_S
Lactobacillus fermentum	1613	Lb_fermentum_CIRM-BIA_874_S
Lactobacillus delbrueckii	1584	Lb_delbrueckii_Lactobacillus_bulgaricus_ACA-DC_87_C
Bifidobacterium longum	216816	B_longum_BBMN68_C
Lacticaseibacillus rhamnosus	47715	Lb_rhamnosus_TK-F8B_C
Lactococcus lactis	1358	Lco_lactis_subsp-lactis_UCMA5713_S
Weissella confusa	1583	W_confusa_1477_S
Lactobacillus helveticus	1587	Lb_helveticus_IMAU20062_S
Lactobacillus pentosus	1589	Lb_pentosus_ZFM222_C
Fructilactobacillus fructivorans	1614	F_fructivorans_175_S
Leuconostoc mesenteroides	1245	Leu_mesenteroides_DSM_20484_C
Propionibacterium freudenreichii	1744	Pr_freudenreichii_PFRJS25_C
Lactobacillus delbrueckii	1584	Lb_delbrueckii_subsp-bulgaricus_CIRM-BIA_657_S
Lactococcus lactis	1358	Lco_lactis_CIRM-BIA_88_S
Lentilactobacillus hilgardii	1588	Lb_hilgardii_MGYG-HGUT-01333_S
Lacticaseibacillus rhamnosus	47715	Lb_rhamnosus_LR2_S
Lactobacillus helveticus	1587	Lb_helveticus_M92_S
Latilactobacillus curvatus	28038	Lb_curvatus_RI-193_S
Streptococcus thermophilus	1308	St_thermophilus_ST64987_C
Lactobacillus delbrueckii	1584	Lb_delbrueckii_subsp-bulgaricus_CIRM-BIA_861_S
Leuconostoc pseudomesenteroides	33968	Leu_pseudomesenteroides_1159_S
Bifidobacterium longum	216816	B_longum_TM04-48B_S
Propionibacterium freudenreichii	1744	Pr_freudenreichii_CIRM_BIA134_S
Lacticaseibacillus rhamnosus	47715	Lb_rhamnosus_4928STDY7387919_S
Lactobacillus helveticus	1587	Lb_helveticus_1069_S
Bifidobacterium longum	216816	B_longum_D6t1_180914_B2_S
Lactobacillus delbrueckii	1584	Lb_delbrueckii_subsp-bulgaricus_CIRM-BIA_1379_S
Lactobacillus delbrueckii	1584	Lb_delbrueckii_LJJ_C
Bifidobacterium longum	216816	B_longum_EK3_S
Lactobacillus gasseri	1596	Lb_gasseri_PSS7772D_S
Lactobacillus helveticus	1587	Lb_helveticus_CIRM-BIA_951_S
Weissella cibaria	137591	W_cibaria_1364_S
Lactobacillus helveticus	1587	Lb_helveticus_FAM1450_S
Lactobacillus pentosus	1589	Lb_pentosus_1524_S
Lactobacillus fermentum	1613	Lb_fermentum_3872_C
Lactobacillus crispatus	47770	Lb_crispatus_1D_C
Bifidobacterium breve	1685	B_breve_180W83_C
Lacticaseibacillus paracasei	1597	Lb_paracasei_CIRM-BIA_1444_S
Bifidobacterium longum	216816	B_longum_TF06-45A_S
Lacticaseibacillus rhamnosus	47715	Lb_rhamnosus_UBLR-58_S
Lactobacillus crispatus	47770	Lb_crispatus_DSM_20584_S
Bifidobacterium longum	216816	B_longum_7_S
Lactobacillus johnsonii	33959	Lb_johnsonii_UMNLJ54_S
Brevibacillus brevis	1393	Lb_brevis_UCCLB95_C
Lactobacillus crispatus	47770	Lb_crispatus_VMC2_S
Lacticaseibacillus rhamnosus	47715	Lb_rhamnosus_BIOML-A7_S
Pediococcus acidilactici	1254	Pe_acidilactici_SRCM100313_C
Leuconostoc mesenteroides	1245	Leu_mesenteroides_MGYG-HGUT-01341_S
Pediococcus pentosaceus	1255	Pe_pentosaceus_ATCC_25745_C
Lacticaseibacillus rhamnosus	47715	Lb_rhamnosus_LR-B2_S
Lactobacillus pentosus	1589	Lb_pentosus_CIRM-BIA_2168_S
Limosilactobacillus reuteri	1598	Lb_reuteri_DSM_20016_C
Lactobacillus pentosus	1589	Lb_pentosus_IG2_S
Leuconostoc mesenteroides	1245	Leu_mesenteroides_CIRM-BIA_433_S
Leuconostoc citreum	33964	Leu_citreum_CIRM-BIA_2095_S
Lactobacillus helveticus	1587	Lb_helveticus_IMAU30014_S
Lactobacillus delbrueckii	1584	Lb_delbrueckii_FAM_21784_S
Leuconostoc pseudomesenteroides	33968	Leu_pseudomesenteroides_PS12_S
Lactobacillus delbrueckii	1584	Lb_delbrueckii_DSM_26046_S
Fructilactobacillus fructivorans	1614	F_fructivorans_187_S
Lactococcus lactis	1358	Lco_lactis_MGYG-HGUT-00226_S
Lactococcus cremoris	1359	Lco_cremoris_L23_S
Bifidobacterium breve	1685	B_breve_139W423_C
Streptococcus salivarius	1304	Lb_salivarius_ATCC_11741_S
Lacticaseibacillus rhamnosus	47715	Lb_rhamnosus_CIRM-BIA_777_S
Lentilactobacillus buchneri	1581	Lb_buchneri_CIRM-BIA_2084_S
Streptococcus thermophilus	1308	St_thermophilus_STH_CIRM_961_C
Bifidobacterium longum	216816	B_longum_LH_666_S
Lactococcus lactis	1358	Lco_lactis_CIRM-BIA_77_S
Lacticaseibacillus rhamnosus	47715	Lb_rhamnosus_CIRM-BIA_910_S
Brevibacillus brevis	1393	Lb_brevis_CIRM-BIA_2230_S
Pediococcus pentosaceus	1255	Pe_pentosaceus_SL001_C
Bifidobacterium longum	216816	B_longum_BSM11-5_S
Lactobacillus johnsonii	33959	Lb_johnsonii_NCK2677_C
Lactobacillus helveticus	1587	Lb_helveticus_CIRM-BIA_108_S
Lactobacillus crispatus	47770	Lb_crispatus_UMNLC20_S
Lacticaseibacillus rhamnosus	47715	Lb_rhamnosus_5-1_S
Lactobacillus helveticus	1587	Lb_helveticus_IMAU60212_S
Lactococcus lactis	1358	Lco_lactis_subsp-lactis_EIP13I_S
Lactobacillus crispatus	47770	Lb_crispatus_C037_S
Lactobacillus pentosus	1589	Lb_pentosus_IG4_S
Lentilactobacillus buchneri	1581	Lb_buchneri_LA1167_S
Pediococcus pentosaceus	1255	Pe_pentosaceus_CIRM-BIA_1701_S
Lactobacillus fermentum	1613	Lb_fermentum_NB-22_S
Lentilactobacillus buchneri	1581	Lb_buchneri_LA1184_S
Bifidobacterium breve	1685	B_breve_322-1_S
Lactobacillus delbrueckii	1584	Lb_delbrueckii_CIRM-BIA_865_S
Bifidobacterium longum	216816	B_longum_LC67_C
Leuconostoc mesenteroides	1245	Leu_mesenteroides_SRCM103453_C
Lactobacillus helveticus	1587	Lb_helveticus_CIRM-BIA_2187_S
Latilactobacillus sakei	1599	Lb_sakei_WiKim0072_C
Lactobacillus johnsonii	33959	Lb_johnsonii_117c_S
Lactobacillus crispatus	47770	Lb_crispatus_UMNLC6_S
Limosilactobacillus reuteri	1598	Lb_reuteri_TD1_C
Lactobacillus crispatus	47770	Lb_crispatus_RL02_S
Lactobacillus helveticus	1587	Lb_helveticus_IMAU30044_S
Weissella paramesenteroides	1249	W_paramesenteroides_1396_S
Lactobacillus acidophilus	1579	Lb_acidophilus_CIRM-BIA_442_S
Lactobacillus acidophilus	1579	Lb_acidophilus_NCFM_C
Lactobacillus helveticus	1587	Lb_helveticus_IMAU30094_S
Lacticaseibacillus paracasei	1597	Lb_paracasei_IBB3423_C
Pediococcus pentosaceus	1255	Pe_pentosaceus_FAM_19164_S
Weissella confusa	1583	W_confusa_1432_S
Bifidobacterium breve	1685	B_breve_UMB0089_S
Lactiplantibacillus paraplantarum	60520	Lb_paraplantarum_CIRM-BIA_1870_S
Bifidobacterium breve	1685	B_breve_12L_C
Bifidobacterium longum	216816	B_longum_W35-1_S
Streptococcus thermophilus	1308	St_thermophilus_CS18_C
Limosilactobacillus reuteri	1598	Lb_reuteri_CIRM-BIA_1534_S
Brevibacillus brevis	1393	Lb_brevis_CIRM-BIA_2226_S
Leuconostoc mesenteroides	1245	Leu_mesenteroides_LMGCF07_S
Lactobacillus gasseri	1596	Lb_gasseri_MV-22_S
Weissella cibaria	137591	W_cibaria_1522_S
Lactobacillus helveticus	1587	Lb_helveticus_IMAU50022_S
Lactiplantibacillus plantarum	1590	Lb_plantarum_CIRM-BIA_1524_S
Brevibacillus brevis	1393	Lb_brevis_BDGP6_C
Bifidobacterium longum	216816	B_longum_TF07-34_S
Schleiferilactobacillus harbinensis	304207	Lb_harbinensis_1011_S
Lactobacillus delbrueckii	1584	Lb_delbrueckii_subsp-lactis_CIRM-BIA_1375_S
Lactobacillus delbrueckii	1584	Lb_delbrueckii_DSM_20072_S
Leuconostoc mesenteroides	1245	Leu_mesenteroides_KFRI-MG_C
Lactococcus lactis	1358	Lco_lactis_IPLA517_S
Propionibacterium freudenreichii	1744	Pr_freudenreichii_CIRM_BIA514_S
Pediococcus acidilactici	1254	Pe_acidilactici_1001287B_170213_G1_S
Latilactobacillus sakei	1599	Lb_sakei_ZFM229_C
Bifidobacterium longum	216816	B_longum_TM02-7_S
Bifidobacterium breve	1685	B_breve_DRBB27_C
Bifidobacterium longum	216816	B_longum_AF11-41_S
Lacticaseibacillus paracasei	1597	Lb_paracasei_ZY-1_C
Lacticaseibacillus rhamnosus	47715	Lb_rhamnosus_CIRM-BIA_2116_S
Propionibacterium freudenreichii	1744	Pr_freudenreichii_ITG_P1_S
Lactobacillus johnsonii	33959	Lb_johnsonii_CIRM-BIA_2080_S
Lactobacillus pentosus	1589	Lb_pentosus_IG7_S
Pediococcus pentosaceus	1255	Pe_pentosaceus_CIRM-BIA_1974_S
Bifidobacterium breve	1685	B_breve_NRBB49_C
Lacticaseibacillus rhamnosus	47715	Lb_rhamnosus_CIRM-BIA_930_S
Lacticaseibacillus paracasei	1597	Lb_paracasei_CIRM-BIA_770_S
Latilactobacillus sakei	1599	Lb_sakei_RI-517_S
Lactiplantibacillus plantarum	1590	Lb_plantarum_1020_S
Lacticaseibacillus rhamnosus	47715	Lb_rhamnosus_CIRM-BIA_909_S
Lacticaseibacillus rhamnosus	47715	Lb_rhamnosus_CASL_S
Limosilactobacillus reuteri	1598	Lb_reuteri_CIRM-BIA_2122_S
Lacticaseibacillus rhamnosus	47715	Lb_rhamnosus_CIRM-BIA_2132_S
Bifidobacterium breve	1685	B_breve_LMC520_C
Lactiplantibacillus argentoratensis	271881	Lb_argentoratensis_CIRM-BIA_2108_S
Lactobacillus fermentum	1613	Lb_fermentum_CIRM-BIA_1951_S
Lactobacillus delbrueckii	1584	Lb_delbrueckii_subsp-lactis_CIRM-BIA_207_S
Streptococcus thermophilus	1308	St_thermophilus_STH_CIRM_998_C
Lactobacillus kefiranofaciens	267818	Lb_kefiranofaciens_ZW3_C
Weissella confusa	1583	W_confusa_CIRM-BIA_2234_S
Lactobacillus crispatus	47770	Lb_crispatus_DSM_29598_S
Lacticaseibacillus rhamnosus	47715	Lb_rhamnosus_LOCK908_C
Propionibacterium freudenreichii	1744	Pr_freudenreichii_CIRM_BIA513_S
Lactobacillus helveticus	1587	Lb_helveticus_IMAU30005_S
Lactobacillus diolivorans	179838	Lb_diolivorans_DSM_14421_S
Lactobacillus helveticus	1587	Lb_helveticus_CIRM-BIA_2190_S
Lactobacillus gasseri	1596	Lb_gasseri_EJL_C
Pediococcus pentosaceus	1255	Pe_pentosaceus_FAM_20746_S
Lactococcus lactis	1358	Lco_lactis_JM3_C
Lactobacillus johnsonii	33959	Lb_johnsonii_CIRM-BIA_878_S
Fructilactobacillus fructivorans	1614	F_fructivorans_196_S
Lactobacillus crispatus	47770	Lb_crispatus_DISK12_S
Leuconostoc citreum	33964	Leu_citreum_CBA3624_C
Lacticaseibacillus rhamnosus	47715	Lb_rhamnosus_ATCC_8530_C
Bifidobacterium longum	216816	B_longum_AF14-22_S
Pediococcus pentosaceus	1255	Pe_pentosaceus_DSM_28628_S
Lactobacillus helveticus	1587	Lb_helveticus_LH99_C
Bifidobacterium longum	216816	B_longum_LH_665_S
Lactobacillus helveticus	1587	Lb_helveticus_IMAU30077_S
Lactococcus lactis	1358	Lco_lactis_1031_S
Lentilactobacillus buchneri	1581	Lb_buchneri_1012_S
Lacticaseibacillus paracasei	1597	Lb_paracasei_1015_S
Brevibacillus brevis	1393	Lb_brevis_CIRM-BIA_1442_S
Pediococcus acidilactici	1254	Pe_acidilactici_SRCM103387_C
Lacticaseibacillus paracasei	1597	Lb_paracasei_CIRM-BIA_655_S
Pediococcus acidilactici	1254	Pe_acidilactici_PMC48_C
Lactobacillus helveticus	1587	Lb_helveticus_IMAU10033_S
Lactobacillus pentosus	1589	Lb_pentosus_FL0421_S
Lacticaseibacillus paracasei	1597	Lb_paracasei_1017_S
Lactobacillus delbrueckii	1584	Lb_delbrueckii_subsp-lactis_CIRM-BIA_214_S
Lactobacillus pentosus	1589	Lb_pentosus_CIRM-BIA_2172_S
Bifidobacterium longum	216816	B_longum_BG7_C
Lactobacillus crispatus	47770	Lb_crispatus_RL26_S
Lacticaseibacillus rhamnosus	47715	Lb_rhamnosus_NCTC13710_C
Lactobacillus johnsonii	33959	Lb_johnsonii_UMNLJ21_C
Lactobacillus pentosus	1589	Lb_pentosus_CIRM-BIA_2173_S
Lactobacillus helveticus	1587	Lb_helveticus_CIRM-BIA_2188_S
Lactobacillus amylovorus	1604	Lb_amylovorus_GRL1118_C
Propionibacterium freudenreichii	1744	Pr_freudenreichii_CIRM-BIA_1399_S
Lactobacillus helveticus	1587	Lb_helveticus_IMAU60204_S
Bifidobacterium longum	216816	B_longum_LTBL16_C
Propionibacterium freudenreichii	1744	Pr_freudenreichii_CIRM-BIA_41_S
Lactobacillus helveticus	1587	Lb_helveticus_IMAU30038_S
Lactobacillus coryniformis	1610	Lb_coryniformis_CBA3616_C
Lacticaseibacillus rhamnosus	47715	Lb_rhamnosus_784_LRHA_S
Lactobacillus johnsonii	33959	Lb_johnsonii_117d_S
Propionibacterium freudenreichii	1744	Pr_freudenreichii_CIRM_BIA1_S
Lactococcus cremoris	1359	Lco_cremoris_CIRM-BIA_632_S
Pediococcus acidilactici	1254	Pe_acidilactici_PB22_C
Lactobacillus delbrueckii	1584	Lb_delbrueckii_MGYG-HGUT-01369_S
Propionibacterium freudenreichii	1744	Pr_freudenreichii_CIRM_BIA512_S
Lactobacillus helveticus	1587	Lb_helveticus_CIRM-BIA_106_S
Streptococcus thermophilus	1308	St_thermophilus_CNRZ1066_C
Lacticaseibacillus rhamnosus	47715	Lb_rhamnosus_BIOML-A3_S
Lactococcus lactis	1358	Lco_lactis_517-C6_S
Pediococcus acidilactici	1254	Pe_acidilactici_1001295B_180824_F12_S
Lacticaseibacillus rhamnosus	47715	Lb_rhamnosus_CBC-LR1_S
Propionibacterium freudenreichii	1744	Pr_freudenreichii_CIRM_BIA456_C
Bifidobacterium breve	1685	B_breve_DRBB28_C
Propionibacterium freudenreichii	1744	Pr_freudenreichii_MGYG-HGUT-02401_C
Lacticaseibacillus rhamnosus	47715	Lb_rhamnosus_Lc_705_C
Brevibacillus brevis	1393	Lb_brevis_CIRM-BIA_895_S
Lactobacillus crispatus	47770	Lb_crispatus_UMNLC19_S
Lactococcus lactis	1358	Lco_lactis_subsp-lactis_EIP03C_S
Lactococcus cremoris	1359	Lco_cremoris_CIRM-BIA_1560_S
Propionibacterium freudenreichii	1744	Pr_freudenreichii_CIRM_BIA516_S
Bifidobacterium breve	1685	B_breve_JCM_1192_C
Lacticaseibacillus rhamnosus	47715	Lb_rhamnosus_AMC0714_S
Pediococcus pentosaceus	1255	Pe_pentosaceus_LBAE_G23_S
Latilactobacillus curvatus	28038	Lb_curvatus_MGYG-HGUT-00020_S
Lactobacillus helveticus	1587	Lb_helveticus_IMAU30035_S
Latilactobacillus curvatus	28038	Lb_curvatus_SRCM103465_C
Lactobacillus crispatus	47770	Lb_crispatus_UMNLC15_S
Leuconostoc mesenteroides	1245	Leu_mesenteroides_SRCM103356_C
Weissella cibaria	137591	W_cibaria_LBAE_H25_S
Lactiplantibacillus plantarum	1590	Lb_plantarum_CIRM-BIA_2181_S
Limosilactobacillus reuteri	1598	Lb_reuteri_CIRM-BIA_522_S
Leuconostoc citreum	33964	Leu_citreum_F192-5_S
Lacticaseibacillus rhamnosus	47715	Lb_rhamnosus_186_LRHA_S
Limosilactobacillus reuteri	1598	Lb_reuteri_CIRM-BIA_1439_S
Bifidobacterium breve	1685	B_breve_UCC2003_C
Lactococcus lactis	1358	Lco_lactis_756_S
Lactococcus cremoris	1359	Lco_cremoris_EIP53I_S
Lactobacillus johnsonii	33959	Lb_johnsonii_CIRM-BIA_900_S
Lactococcus cremoris	1359	Lco_cremoris_CIRM-BIA_631_S
Lactobacillus delbrueckii	1584	Lb_delbrueckii_JCM_15610_C
Bifidobacterium longum	216816	B_longum_OF01-16_S
Lacticaseibacillus rhamnosus	47715	Lb_rhamnosus_CIRM-BIA_2133_S
Brevibacillus brevis	1393	Lb_brevis_UCCLB556_C
Lactobacillus delbrueckii	1584	Lb_delbrueckii_KLDS1-0207_C
Lactococcus cremoris	1359	Lco_cremoris_188_S
Lentilactobacillus buchneri	1581	Lb_buchneri_CIRM-BIA_1516_S
Lactobacillus pentosus	1589	Lb_pentosus_CIRM-BIA_1490_S
Leuconostoc citreum	33964	Leu_citreum_CIRM-BIA_742_S
Bifidobacterium longum	216816	B_longum_BSD2780120874_150323_E3_S
Bifidobacterium longum	216816	B_longum_D46t1_190503_C6_S
Pediococcus acidilactici	1254	Pe_acidilactici_7_4_S
Bifidobacterium longum	216816	B_longum_BAMA-B05_C
Lactococcus lactis	1358	Lco_lactis_641-C8_S
Lactobacillus crispatus	47770	Lb_crispatus_RL25_S
Propionibacterium freudenreichii	1744	Pr_freudenreichii_PFRJS22-genome_C
Lactobacillus acidophilus	1579	Lb_acidophilus_L-55_S
Lacticaseibacillus rhamnosus	47715	Lb_rhamnosus_BIOML-A1_S
Lactobacillus crispatus	47770	Lb_crispatus_VMC1_S
Lacticaseibacillus paracasei	1597	Lb_paracasei_CIRM-BIA_1440_S
Lactobacillus fermentum	1613	Lb_fermentum_CIRM-BIA_2220_S
Lactobacillus fermentum	1613	Lb_fermentum_CIRM-BIA_2235_S
Lactobacillus gasseri	1596	Lb_gasseri_UMB0607_S
Propionibacterium freudenreichii	1744	Pr_freudenreichii_CIRM-BIA_141_S
Streptococcus thermophilus	1308	St_thermophilus_KLDS_3-1003_C
Lactobacillus crispatus	47770	Lb_crispatus_CIRM-BIA_523_S
Lactiplantibacillus plantarum	1590	Lb_plantarum_CIRM-BIA_2109_S
Lactiplantibacillus plantarum	1590	Lb_plantarum_CIRM-BIA_1111_S
Bifidobacterium breve	1685	B_breve_DRBB30_C
Streptococcus thermophilus	1308	St_thermophilus_STH_CIRM_772_C
Lactobacillus acidophilus	1579	Lb_acidophilus_CIRM-BIA_445_S
Lactobacillus johnsonii	33959	Lb_johnsonii_CIRM-BIA_2079_S
Lactococcus lactis	1358	Lco_lactis_CIRM-BIA_251_S
Lactobacillus helveticus	1587	Lb_helveticus_CIRM-BIA_103_S
Bifidobacterium breve	1685	B_breve_FDAARGOS_561_C
Latilactobacillus curvatus	28038	Lb_curvatus_CIRM-BIA_1443_S
Brevibacillus brevis	1393	Lb_brevis_CIRM-BIA_519_S
Lactococcus lactis	1358	Lco_lactis_G423_C
Bifidobacterium breve	1685	B_breve_CNCM_I-4321_C
Lactobacillus helveticus	1587	Lb_helveticus_IMAU30040_S
Latilactobacillus curvatus	28038	Lb_curvatus_96_S
Streptococcus thermophilus	1308	St_thermophilus_IDCC2201_C
Leuconostoc mesenteroides	1245	Leu_mesenteroides_DRC1506_C
Lactobacillus coryniformis	1610	Lb_coryniformis_DSM_20001_S
Leuconostoc mesenteroides	1245	Leu_mesenteroides_CIRM-BIA_1320_S
Lactobacillus helveticus	1587	Lb_helveticus_IMAU50064_S
Bifidobacterium breve	1685	B_breve_LH_24_S
Lactobacillus acidophilus	1579	Lb_acidophilus_CIP_CIRM_BIA442_S
Lactiplantibacillus plantarum	1590	Lb_plantarum_CIRM-BIA_2185_S
Latilactobacillus sakei	1599	Lb_sakei_CBA3635_C
Lentilactobacillus kefiri	33962	Lb_kefiri_DH5_C
Lacticaseibacillus rhamnosus	47715	Lb_rhamnosus_526_LRHA_S
Bifidobacterium longum	216816	B_longum_ATCC_15697_C
Lactobacillus delbrueckii	1584	Lb_delbrueckii_subsp-lactis_CIRM-BIA_269_S
Weissella confusa	1583	W_confusa_1474_S
Streptococcus thermophilus	1308	St_thermophilus_DGCC_7710_C
Lacticaseibacillus rhamnosus	47715	Lb_rhamnosus_BIOML-A4_S
Lacticaseibacillus rhamnosus	47715	Lb_rhamnosus_CIRM-BIA_607_S
Pediococcus acidilactici	1254	Pe_acidilactici_HN9_C
Bifidobacterium breve	1685	B_breve_NRBB09_C
Bifidobacterium longum	216816	B_longum_17-1B_S
Pediococcus acidilactici	1254	Pe_acidilactici_DSM_19927_S
Propionibacterium freudenreichii	1744	Pr_freudenreichii_PFRJS-23_C
Leuconostoc citreum	33964	Leu_citreum_1300_LCIT_S
Bifidobacterium breve	1685	B_breve_NRBB27_C
Propionibacterium freudenreichii	1744	Pr_freudenreichii_CIRM_BIA127_S
Lentilactobacillus buchneri	1581	Lb_buchneri_CIRM-BIA_2083_S
Propionibacterium freudenreichii	1744	Pr_freudenreichii_CIRM-BIA_1400_S
Lactobacillus gasseri	1596	Lb_gasseri_1001175st1_D8_S
Lacticaseibacillus paracasei	1597	Lb_paracasei_AO356_C
Streptococcus salivarius	1304	Lb_salivarius_SMXD51_S
Lactobacillus helveticus	1587	Lb_helveticus_CIRM-BIA_681_S
Bifidobacterium longum	216816	B_longum_JCM_11660_C
Lactobacillus delbrueckii	1584	Lb_delbrueckii_subsp-bulgaricus_CIRM-BIA_1590_S
Lactococcus lactis	1358	Lco_lactis_CIRM-BIA_1973_S
Bifidobacterium breve	1685	B_breve_MCC_1094_S
Streptococcus thermophilus	1308	St_thermophilus_STH_CIRM_368_C
Bifidobacterium breve	1685	B_breve_91-1_S
Lactobacillus crispatus	47770	Lb_crispatus_RL27_S
Latilactobacillus curvatus	28038	Lb_curvatus_WiKim38_C
Lactiplantibacillus plantarum	1590	Lb_plantarum_CIRM-BIA_2182_S
Brevibacillus brevis	1393	Lb_brevis_BSO_310_S
Propionibacterium freudenreichii	1744	Pr_freudenreichii_CIRM-BIA_7_S
Pediococcus pentosaceus	1255	Pe_pentosaceus_SRCM102734_C
Lactobacillus gasseri	1596	Lb_gasseri_UMB3077_S
Propionibacterium freudenreichii	1744	Pr_freudenreichii_PFRJS14_C
Lacticaseibacillus casei	1582	Lb_casei_Z11_S
Bifidobacterium longum	216816	B_longum_JSRL02_C
Bifidobacterium longum	216816	B_longum_AF04-13_S
Leuconostoc mesenteroides	1245	Leu_mesenteroides_CIRM-BIA_1357_S
Lactobacillus delbrueckii	1584	Lb_delbrueckii_2038_C
Lactococcus lactis	1358	Lco_lactis_C2D_S
Bifidobacterium breve	1685	B_breve_NRBB52_C
Latilactobacillus curvatus	28038	Lb_curvatus_CIRM-BIA_468_S
Lactobacillus acidophilus	1579	Lb_acidophilus_CIRM-BIA_1674_S
Bifidobacterium longum	216816	B_longum_TF07-39_S
Lactococcus lactis	1358	Lco_lactis_UC08_C
Bifidobacterium longum	216816	B_longum_N3A01_S
Lactobacillus helveticus	1587	Lb_helveticus_MB2-1_C
Leuconostoc lactis	1246	Leu_lactis_1001262B_160229_C9_S
Bifidobacterium longum	216816	B_longum_AM30-9LB_S
Lactobacillus acidophilus	1579	Lb_acidophilus_MGYG-HGUT-02379_S
Lactococcus lactis	1358	Lco_lactis_L98-E2_S
Pediococcus pentosaceus	1255	Pe_pentosaceus_FAM_23908_S
Pediococcus pentosaceus	1255	Pe_pentosaceus_LBAE_K10_S
Lacticaseibacillus rhamnosus	47715	Lb_rhamnosus_CIRM-BIA_784_S
Lactococcus cremoris	1359	Lco_cremoris_UCMA1720_S
Lactobacillus delbrueckii	1584	Lb_delbrueckii_subsp-bulgaricus_CIRM-BIA_1321_S
Lacticaseibacillus rhamnosus	47715	Lb_rhamnosus_CIRM-BIA_2134_S
Streptococcus thermophilus	1308	St_thermophilus_LMG_18311_C
Lactobacillus crispatus	47770	Lb_crispatus_RL28_S
Lentilactobacillus buchneri	1581	Lb_buchneri_CIRM-BIA_2081_S
Lacticaseibacillus paracasei	1597	Lb_paracasei_CIRM-BIA_2128_S
Lactobacillus fermentum	1613	Lb_fermentum_FTDC8312_S
Lacticaseibacillus paracasei	1597	Lb_paracasei_DSM_20258_S
Bifidobacterium longum	216816	B_longum_BIM_B-813D_C
Pediococcus acidilactici	1254	Pe_acidilactici_DSM_20284_S
Lactococcus cremoris	1359	Lco_cremoris_CIRM-BIA_86_S
Lactobacillus fermentum	1613	Lb_fermentum_F-6_C
Lactococcus lactis	1358	Lco_lactis_1064-C11_S
Lactobacillus helveticus	1587	Lb_helveticus_CIRM-BIA_105_S
Bifidobacterium longum	216816	B_longum_DJO10A_C
Lacticaseibacillus paracasei	1597	Lb_paracasei_CIRM-BIA_1869_S
Streptococcus thermophilus	1308	St_thermophilus_NCTC12958_C
Pediococcus pentosaceus	1255	Pe_pentosaceus_LBAE_C32_S
Lactococcus lactis	1358	Lco_lactis_CIRM-BIA_1211_S
Brevibacillus brevis	1393	Lb_brevis_UCCLB521_C
Bifidobacterium breve	1685	B_breve_LH_21_S
Pediococcus pentosaceus	1255	Pe_pentosaceus_1021_S
Lactococcus cremoris	1359	Lco_cremoris_CIRM-BIA_79_S
Limosilactobacillus reuteri	1598	Lb_reuteri_DSM_20016_S
Lactococcus lactis	1358	Lco_lactis_417_S
Leuconostoc pseudomesenteroides	33968	Leu_pseudomesenteroides_CBA3630_C
Lactobacillus crispatus	47770	Lb_crispatus_UMNLC3_S
Lacticaseibacillus casei	1582	Lb_casei_YNF-5_S
Pediococcus pentosaceus	1255	Pe_pentosaceus_SS1-3_C
Bifidobacterium longum	216816	B_longum_DJO10A_S
Bifidobacterium longum	216816	B_longum_BSD2780061688st2_H1_S
Lentilactobacillus buchneri	1581	Lb_buchneri_LA1161C_S
Lactobacillus delbrueckii	1584	Lb_delbrueckii_CRL581_S
Bifidobacterium longum	216816	B_longum_LH_277_S
Bifidobacterium longum	216816	B_longum_D52t1_170925_H5_S
Propionibacterium freudenreichii	1744	Pr_freudenreichii_CIRM_BIA121_S
Lacticaseibacillus rhamnosus	47715	Lb_rhamnosus_CIRM-BIA_774_S
Lactococcus lactis	1358	Lco_lactis_MS22337_S
Bifidobacterium longum	216816	B_longum_AM34-3_S
Lacticaseibacillus paracasei	1597	Lb_paracasei_TMW_1-1434_C
Lactobacillus crispatus	47770	Lb_crispatus_RL11_S
Pediococcus acidilactici	1254	Pe_acidilactici_ATCC_8042_C
Lactococcus lactis	1358	Lco_lactis_CIRM-BIA_1215_S
Lactococcus lactis	1358	Lco_lactis_ATCC_19435_S
Lactococcus lactis	1358	Lco_lactis_subsp-lactis_NCDO1867_S
Latilactobacillus sakei	1599	Lb_sakei_ZFM225_C
Leuconostoc mesenteroides	1245	Leu_mesenteroides_SRCM102735_C
Latilactobacillus curvatus	28038	Lb_curvatus_LBAE_K7_S
Lactobacillus fermentum	1613	Lb_fermentum_CIRM-BIA_2221_S
Propionibacterium freudenreichii	1744	Pr_freudenreichii_P-UF1_C
Lactobacillus helveticus	1587	Lb_helveticus_IMAU50019_S
Lacticaseibacillus rhamnosus	47715	Lb_rhamnosus_LR-S_S
Lactobacillus delbrueckii	1584	Lb_delbrueckii_KCTC_3035_C
Leuconostoc citreum	33964	Leu_citreum_CIRM-BIA_2092_S
Streptococcus thermophilus	1308	St_thermophilus_St1-GS-2_S
Lacticaseibacillus paracasei	1597	Lb_paracasei_CIRM-BIA_279_S
Streptococcus thermophilus	1308	St_thermophilus_ASCC_1275_C
Pediococcus acidilactici	1254	Pe_acidilactici_SRCM102731_C
Brevibacillus brevis	1393	Lb_brevis_NSMJ23_C
Leuconostoc falkenbergense	2766470	Leu_falkenbergense_LBAE_K30_S
Lactobacillus helveticus	1587	Lb_helveticus_IMAU50151_S
Lactobacillus amylovorus	1604	Lb_amylovorus_30SC_C
Limosilactobacillus reuteri	1598	Lb_reuteri_CIRM-BIA_2121_S
Bifidobacterium longum	216816	B_longum_YS108R_C
Lactococcus lactis	1358	Lco_lactis_LMG_7760_S
Lactobacillus helveticus	1587	Lb_helveticus_MGYG-HGUT-02384_C
Lactobacillus helveticus	1587	Lb_helveticus_CIRM-BIA_110_S
Bifidobacterium breve	1685	B_breve_UMB0915_S
Bifidobacterium breve	1685	B_breve_NRBB20_C
Bifidobacterium longum	216816	B_longum_ATCC_55813_S
Lactobacillus gasseri	1596	Lb_gasseri_SV-16A-US_S
Bifidobacterium longum	216816	B_longum_AM20-3_S
Propionibacterium freudenreichii	1744	Pr_freudenreichii_PFRJS11_C
Lactococcus lactis	1358	Lco_lactis_subsp-lactis_S188_S
Lactiplantibacillus plantarum	1590	Lb_plantarum_CIRM-BIA_2115_S
Lactobacillus delbrueckii	1584	Lb_delbrueckii_subsp-lactis_CIRM-BIA_1366_S
Lentilactobacillus hilgardii	1588	Lb_hilgardii_CIRM-BIA_2118_S
Bifidobacterium longum	216816	B_longum_LH_23_S
Lactobacillus delbrueckii	1584	Lb_delbrueckii_DSM_20074_S
Leuconostoc mesenteroides	1245	Leu_mesenteroides_CIRM-BIA_1972_S
Lacticaseibacillus paracasei	1597	Lb_paracasei_CIRM-BIA_1445_S
Leuconostoc pseudomesenteroides	33968	Leu_pseudomesenteroides_LMGH61_S
Streptococcus thermophilus	1308	St_thermophilus_STH_CIRM_1048_C
Lactobacillus helveticus	1587	Lb_helveticus_IMAU10149_S
Bifidobacterium longum	216816	B_longum_7-1B_S
Bifidobacterium breve	1685	B_breve_BSD2780061688_150302_F6_S
Brevibacillus brevis	1393	Lb_brevis_CIRM-BIA_2225_S
Leuconostoc citreum	33964	Leu_citreum_CBA3621_C
Lacticaseibacillus paracasei	1597	Lb_paracasei_CIRM-BIA_1517_S
Lactiplantibacillus plantarum	1590	Lb_plantarum_CIRM-BIA_2186_S
Lactococcus lactis	1358	Lco_lactis_1040_S
Bifidobacterium breve	1685	B_breve_JTL_C
Leuconostoc citreum	33964	Leu_citreum_CIRM-BIA_1453_S
Lactobacillus helveticus	1587	Lb_helveticus_CIRM-BIA_2150_S
Lactobacillus helveticus	1587	Lb_helveticus_FAM13019_S
Lactobacillus pentosus	1589	Lb_pentosus_IG12_S
Bifidobacterium longum	216816	B_longum_AF14-34_S
Latilactobacillus sakei	1599	Lb_sakei_WiKim0063_C
Lacticaseibacillus rhamnosus	47715	Lb_rhamnosus_ASCC_1521_S
Lactobacillus johnsonii	33959	Lb_johnsonii_CIRM-BIA_674_S
Bifidobacterium longum	216816	B_longum_JCM_1217_C
Lactobacillus delbrueckii	1584	Lb_delbrueckii_subsp-lactis_CIRM-BIA_229_S
Bifidobacterium longum	216816	B_longum_51A_C
Lactiplantibacillus plantarum	1590	Lb_plantarum_CIRM-BIA_1110_S
Lactobacillus crispatus	47770	Lb_crispatus_CIRM-BIA_2112_S
Lactobacillus kefiranofaciens	267818	Lb_kefiranofaciens_DSM_10550_S
Lactococcus lactis	1358	Lco_lactis_AM11-49_S
Lactobacillus crispatus	47770	Lb_crispatus_CTV-05_S
Lactiplantibacillus plantarum	1590	Lb_plantarum_16_C
Bifidobacterium longum	216816	B_longum_1-5B_S
Propionibacterium freudenreichii	1744	Pr_freudenreichii_FAM_14217_C
Lactococcus cremoris	1359	Lco_cremoris_L24_S
Lactobacillus helveticus	1587	Lb_helveticus_IMAU80622_S
Enterococcus faecium	1352	E_faecium_LBAE_A6_S
Brevibacillus brevis	1393	Lb_brevis_15f_S
Propionibacterium freudenreichii	1744	Pr_freudenreichii_ITG_P18_S
Lactobacillus helveticus	1587	Lb_helveticus_FAM19188_S
Lactococcus lactis	1358	Lco_lactis_subsp-lactis_NCDO2111_S
Lactobacillus crispatus	47770	Lb_crispatus_AB70_C
Latilactobacillus sakei	1599	Lb_sakei_LK-145_C
Lactobacillus crispatus	47770	Lb_crispatus_UMNLC8_S
Lactobacillus helveticus	1587	Lb_helveticus_FAM23285_S
Lacticaseibacillus rhamnosus	47715	Lb_rhamnosus_AMC0721_S
Brevibacillus brevis	1393	Lb_brevis_ZLB004_C
Lactobacillus coryniformis	1610	Lb_coryniformis_DSM_20004_S
Bifidobacterium breve	1685	B_breve_MCC_1340_S
Bifidobacterium longum	216816	B_longum_CACC_517_C
Lactococcus lactis	1358	Lco_lactis_275_C
Propionibacterium freudenreichii	1744	Pr_freudenreichii_CIRM-BIA_1414_S
Streptococcus thermophilus	1308	St_thermophilus_MN-ZLW-002_C
Lacticaseibacillus rhamnosus	47715	Lb_rhamnosus_LR5_C
Pediococcus pentosaceus	1255	Pe_pentosaceus_JQI-7_C
Lactobacillus helveticus	1587	Lb_helveticus_IMAU60208_S
Lacticaseibacillus rhamnosus	47715	Lb_rhamnosus_RI-004_S
Bifidobacterium longum	216816	B_longum_BSD2780061688_150302_C8_S
Lactobacillus fermentum	1613	Lb_fermentum_CIRM-BIA_2152_S
Streptococcus thermophilus	1308	St_thermophilus_CBC-S77_S
Lactobacillus johnsonii	33959	Lb_johnsonii_MGYG-HGUT-00008_S
Lactobacillus delbrueckii	1584	Lb_delbrueckii_ATCC_11842_C
Lactobacillus helveticus	1587	Lb_helveticus_IMAU60201_S
Lacticaseibacillus rhamnosus	47715	Lb_rhamnosus_hsryfm_1301_C
Lactococcus cremoris	1359	Lco_cremoris_CIRM-BIA_638_S
Lactobacillus helveticus	1587	Lb_helveticus_D76_C
Pediococcus acidilactici	1254	Pe_acidilactici_L3-A_S
Lentilactobacillus buchneri	1581	Lb_buchneri_NRRL_B-30929_C
Lactococcus lactis	1358	Lco_lactis_CIRM-BIA_1572_S
Lacticaseibacillus paracasei	1597	Lb_paracasei_88_S
Lactococcus lactis	1358	Lco_lactis_1102_S
Lactobacillus delbrueckii	1584	Lb_delbrueckii_subsp-bulgaricus_CIRM-BIA_1579_S
Lactococcus lactis	1358	Lco_lactis_CIRM-BIA_46_S
Leuconostoc pseudomesenteroides	33968	Leu_pseudomesenteroides_CIRM-BIA_1262_S
Lactobacillus alimentarius	1602	Lb_alimentarius_DSM_20249_C
Lactobacillus crispatus	47770	Lb_crispatus_C25_C
Lacticaseibacillus paracasei	1597	Lb_paracasei_CIRM-BIA_662_S
Pediococcus pentosaceus	1255	Pe_pentosaceus_FAM20650_S
Lactobacillus helveticus	1587	Lb_helveticus_IMAU80756_S
Bifidobacterium longum	216816	B_longum_AF30-11_S
Weissella cibaria	137591	W_cibaria_1268_S
Lactococcus lactis	1358	Lco_lactis_IO-1_C
Lactobacillus pentosus	1589	Lb_pentosus_SLC13_C
Pediococcus acidilactici	1254	Pe_acidilactici_D3_S
Bifidobacterium breve	1685	B_breve_DRBB29_C
Leuconostoc pseudomesenteroides	33968	Leu_pseudomesenteroides_CIRM-BIA_2127_S
Lactobacillus crispatus	47770	Lb_crispatus_UMNLC23_S
Propionibacterium freudenreichii	1744	Pr_freudenreichii_PFRJS4_C
Bifidobacterium breve	1685	B_breve_NRBB50_C
Bifidobacterium breve	1685	B_breve_MCC_1454_S
Lactobacillus helveticus	1587	Lb_helveticus_DLBSA201_S
Lactococcus lactis	1358	Lco_lactis_IPLA729_S
Lactobacillus crispatus	47770	Lb_crispatus_FDAARGOS_743_C
Lacticaseibacillus paracasei	1597	Lb_paracasei_CIRM-BIA_2105_S
Bifidobacterium longum	216816	B_longum_D41t1_190614_F6_S
Bifidobacterium longum	216816	B_longum_LH_206_S
Leuconostoc lactis	1246	Leu_lactis_CIRM-BIA_647_S
Latilactobacillus sakei	1599	Lb_sakei_ZFM220_C
Propionibacterium freudenreichii	1744	Pr_freudenreichii_PFRJS18_C
Lactobacillus coryniformis	1610	Lb_coryniformis_DSM_20004_C
Lactobacillus delbrueckii	1584	Lb_delbrueckii_subsp-bulgaricus_CIRM-BIA_1623_S
Bifidobacterium longum	216816	B_longum_TM05-14_S
Weissella paramesenteroides	1249	W_paramesenteroides_1402_S
Bifidobacterium longum	216816	B_longum_AF36-1_S
Lacticaseibacillus paracasei	1597	Lb_paracasei_MGB0747_C
Bifidobacterium breve	1685	B_breve_NCTC11815_C
Propionibacterium freudenreichii	1744	Pr_freudenreichii_CIRM_BIA1025_S
Lactobacillus gasseri	1596	Lb_gasseri_ATCC_33323_C
Lactobacillus johnsonii	33959	Lb_johnsonii_CIRM-BIA_868_S
Lactobacillus delbrueckii	1584	Lb_delbrueckii_subsp-bulgaricus_CIRM-BIA_1380_S
Lactobacillus helveticus	1587	Lb_helveticus_IMAU50013_S
Lactobacillus helveticus	1587	Lb_helveticus_1073_S
Lactococcus lactis	1358	Lco_lactis_CIRM-BIA_633_S
Lactobacillus helveticus	1587	Lb_helveticus_CIRM-BIA_1641_S
Lactobacillus crispatus	47770	Lb_crispatus_RL24_S
Lactococcus lactis	1358	Lco_lactis_subsp-lactis_CNRZ31_S
Streptococcus thermophilus	1308	St_thermophilus_STH_CIRM_16_C
Lactococcus lactis	1358	Lco_lactis_CIRM-BIA_1210_S
Lacticaseibacillus casei	1582	Lb_casei_MGB0470_C
Pediococcus acidilactici	1254	Pe_acidilactici_1001270B_150601_H6_S
Lactobacillus crispatus	47770	Lb_crispatus_UMNLC11_S
Latilactobacillus curvatus	28038	Lb_curvatus_DSM_20019_S
Lactobacillus crispatus	47770	Lb_crispatus_RL20_S
Leuconostoc citreum	33964	Leu_citreum_CIRM-BIA_2088_S
Lactobacillus fermentum	1613	Lb_fermentum_1019_S
Lactobacillus johnsonii	33959	Lb_johnsonii_117a_S
Lactobacillus helveticus	1587	Lb_helveticus_IMAU30049_S
Lactococcus lactis	1358	Lco_lactis_1064-E11_S
Lactiplantibacillus plantarum	1590	Lb_plantarum_ZJ316_C
Pediococcus acidilactici	1254	Pe_acidilactici_CIRM-BIA_2175_S
Lactococcus lactis	1358	Lco_lactis_FM03_C
Bacillus parabrevis	54914	Lb_parabrevis_CIRM-BIA_2229_S
Lactococcus lactis	1358	Lco_lactis_ATCC_11454_S
Bifidobacterium longum	216816	B_longum_AM31-13LB_S
Bifidobacterium longum	216816	B_longum_72B_S
Bifidobacterium breve	1685	B_breve_DSM_20213_S
Leuconostoc falkenbergense	2766470	Leu_falkenbergense_CIRM-BIA_1240_S
Lactobacillus acidophilus	1579	Lb_acidophilus_CIP_CIRM_DSM9126_S
Streptococcus thermophilus	1308	St_thermophilus_STH_CIRM_30_C
Lacticaseibacillus rhamnosus	47715	Lb_rhamnosus_BIO5326_C
Lactococcus lactis	1358	Lco_lactis_Dephy_1_S
Lactobacillus helveticus	1587	Lb_helveticus_IMAU40088_S
Lactobacillus crispatus	47770	Lb_crispatus_JV-V01_S
Lactococcus lactis	1358	Lco_lactis_subsp-lactis_EIP20F_S
Lacticaseibacillus paracasei	1597	Lb_paracasei_ATCC_334_C
Pediococcus pentosaceus	1255	Pe_pentosaceus_KCCM_40703_C
Propionibacterium freudenreichii	1744	Pr_freudenreichii_CIRM-BIA_1477_S
Lactobacillus johnsonii	33959	Lb_johnsonii_117q_S
Propionibacterium freudenreichii	1744	Pr_freudenreichii_CIRM-BIA_1472_S
Lactobacillus helveticus	1587	Lb_helveticus_IMAU30023_S
Lactobacillus acidophilus	1579	Lb_acidophilus_CIRM-BIA_904_S
Lactobacillus helveticus	1587	Lb_helveticus_ATCC_12046_S
Bifidobacterium breve	1685	B_breve_BR3_C
Latilactobacillus sakei	1599	Lb_sakei_DSM_15831_S
Lactobacillus pentosus	1589	Lb_pentosus_IG3_S
Bifidobacterium longum	216816	B_longum_OM05-2BH_S
Brevibacillus brevis	1393	Lb_brevis_TUCO-5E_S
Bifidobacterium longum	216816	B_longum_AF11-12_S
Lactobacillus fermentum	1613	Lb_fermentum_CIRM-BIA_2157_S
Latilactobacillus curvatus	28038	Lb_curvatus_CIRM-BIA_1635_S
Leuconostoc citreum	33964	Leu_citreum_CIRM-BIA_1454_S
Weissella confusa	1583	W_confusa_1316_S
Lactobacillus crispatus	47770	Lb_crispatus_CG-12_S
Lacticaseibacillus paracasei	1597	Lb_paracasei_CIRM-BIA_699_S
Lactococcus lactis	1358	Lco_lactis_CIRM-BIA_639_S
Lactococcus lactis	1358	Lco_lactis_754_S
Lactobacillus acidophilus	1579	Lb_acidophilus_s-4_S
Lactobacillus pentosus	1589	Lb_pentosus_CIRM-BIA_660_S
Lactobacillus pentosus	1589	Lb_pentosus_CIRM-BIA_886_S
Lactobacillus delbrueckii	1584	Lb_delbrueckii_subsp-bulgaricus_CIRM-BIA_857_S
Lactobacillus delbrueckii	1584	Lb_delbrueckii_subsp-lactis_CIRM-BIA_220_S
Lactobacillus amylovorus	1604	Lb_amylovorus_DSM_20531_S
Lactococcus lactis	1358	Lco_lactis_MG1363_C
Lactobacillus fermentum	1613	Lb_fermentum_CIRM-BIA_866_S
Brevibacillus brevis	1393	Lb_brevis_3M004_S
Lactococcus cremoris	1359	Lco_cremoris_HER1203_S
Bifidobacterium longum	216816	B_longum_AM16-2_S
Lactobacillus johnsonii	33959	Lb_johnsonii_ATCC_33200_S
Lactococcus lactis	1358	Lco_lactis_1037_S
Lactobacillus kefiranofaciens	267818	Lb_kefiranofaciens_DSM_5016_S
Lactiplantibacillus plantarum	1590	Lb_plantarum_CIRM-BIA_653_S
Streptococcus thermophilus	1308	St_thermophilus_EU01_C
Lactobacillus crispatus	47770	Lb_crispatus_UMNLC12_S
Lactobacillus pentosus	1589	Lb_pentosus_DSM_20314_S
Lacticaseibacillus rhamnosus	47715	Lb_rhamnosus_1001287B_170213_A1_S
Lactobacillus crispatus	47770	Lb_crispatus_UMNLC25_S
Lacticaseibacillus rhamnosus	47715	Lb_rhamnosus_AMBR1_S
Lactobacillus pentosus	1589	Lb_pentosus_IG8_S
Lacticaseibacillus paracasei	1597	Lb_paracasei_CIRM-BIA_2130_S
Bifidobacterium longum	216816	B_longum_239-2_S
Streptococcus thermophilus	1308	St_thermophilus_ATCC_19258_C
Lacticaseibacillus rhamnosus	47715	Lb_rhamnosus_ASCC_3029_S
Lacticaseibacillus paracasei	1597	Lb_paracasei_NTU_101_S
Lactobacillus helveticus	1587	Lb_helveticus_IMAU30003_S
Bifidobacterium longum	216816	B_longum_D59t2_181005_F6_S
Lactobacillus johnsonii	33959	Lb_johnsonii_3DG_C
Lentilactobacillus buchneri	1581	Lb_buchneri_LA1147_S
Brevibacillus brevis	1393	Lb_brevis_KB290_C
Lacticaseibacillus paracasei	1597	Lb_paracasei_KMB_598_S
Lactobacillus helveticus	1587	Lb_helveticus_IDCC3801_C
Latilactobacillus sakei	1599	Lb_sakei_FLEC01_C
Bifidobacterium longum	216816	B_longum_MC-42_S
Propionibacterium freudenreichii	1744	Pr_freudenreichii_PFRJS12-1_C
Streptococcus thermophilus	1308	St_thermophilus_STH_CIRM_1049_C
Propionibacterium freudenreichii	1744	Pr_freudenreichii_PFREUDJS1_C
Lactococcus cremoris	1359	Lco_cremoris_CNRZ268_S
Lentilactobacillus buchneri	1581	Lb_buchneri_CIRM-BIA_664_S
Lentilactobacillus hilgardii	1588	Lb_hilgardii_FLUB_C
Lactobacillus fermentum	1613	Lb_fermentum_CIRM-BIA_2156_S
Lactobacillus acidophilus	1579	Lb_acidophilus_CIRM-BIA_446_S
Lactiplantibacillus plantarum	1590	Lb_plantarum_442_S
Leuconostoc suionicum	1511761	Leu_suionicum_LBAE_A9_S
Streptococcus thermophilus	1308	St_thermophilus_STH_CIRM_1047_C
Lactobacillus johnsonii	33959	Lb_johnsonii_117k_S
Lactococcus lactis	1358	Lco_lactis_subsp-lactis_NCDO2738_S
Streptococcus thermophilus	1308	St_thermophilus_SMQ-301_C
Pediococcus pentosaceus	1255	Pe_pentosaceus_SRCM102740_C
Lactococcus lactis	1358	Lco_lactis_subsp-lactis_EIP13D_S
Lactobacillus acidophilus	1579	Lb_acidophilus_CIRM-BIA_2087_S
Bifidobacterium breve	1685	B_breve_215W447a_C
Lactococcus lactis	1358	Lco_lactis_S50_C
Lacticaseibacillus casei	1582	Lb_casei_LC5_C
Lentilactobacillus buchneri	1581	Lb_buchneri_CIRM-BIA_659_S
Lactobacillus delbrueckii	1584	Lb_delbrueckii_MBT_92059_S
Lactobacillus crispatus	47770	Lb_crispatus_UMNLC1_S
Bifidobacterium longum	216816	B_longum_AM10-15B_S
Lentilactobacillus buchneri	1581	Lb_buchneri_CIRM-BIA_2085_S
Lacticaseibacillus rhamnosus	47715	Lb_rhamnosus_BPL5_C
Lactococcus lactis	1358	Lco_lactis_subsp-lactis_S158_S
Lentilactobacillus hilgardii	1588	Lb_hilgardii_DSM_20176_S
Lactobacillus delbrueckii	1584	Lb_delbrueckii_Lb1-GS-1_S
Brevibacillus brevis	1393	Lb_brevis_NPS-QW-145_C
Lactococcus cremoris	1359	Lco_cremoris_EIP53J_S
Weissella confusa	1583	W_confusa_1521_S
Bifidobacterium breve	1685	B_breve_B-breve_1_mod_C
Propionibacterium freudenreichii	1744	Pr_freudenreichii_ITG_P23_S
Lactococcus lactis	1358	Lco_lactis_subsp-lactis_EIP13J_S
Lactobacillus helveticus	1587	Lb_helveticus_CGMCC_1-1877_S
Lactobacillus crispatus	47770	Lb_crispatus_ATCC_33820_S
Lactobacillus delbrueckii	1584	Lb_delbrueckii_TUA4408L_C
Lactiplantibacillus plantarum	1590	Lb_plantarum_CIRM-BIA_2180_S
Lactobacillus helveticus	1587	Lb_helveticus_IMAU50079_S
Lentilactobacillus buchneri	1581	Lb_buchneri_CIRM-BIA_2082_S
Lactobacillus crispatus	47770	Lb_crispatus_RL05_S
Lacticaseibacillus rhamnosus	47715	Lb_rhamnosus_SCT-10-10-60_C
Bifidobacterium longum	216816	B_longum_1001175B_160314_B2_S
Lentilactobacillus hilgardii	1588	Lb_hilgardii_CIRM-BIA_2123_S
Leuconostoc citreum	33964	Leu_citreum_CIRM-BIA_1457_S
Lactobacillus fermentum	1613	Lb_fermentum_CIRM-BIA_894_S
Limosilactobacillus reuteri	1598	Lb_reuteri_I5007_C
Pediococcus pentosaceus	1255	Pe_pentosaceus_941_S
Brevibacillus brevis	1393	Lb_brevis_DSM_20054_S
Lactobacillus delbrueckii	1584	Lb_delbrueckii_KW14_3_S
Streptococcus thermophilus	1308	St_thermophilus_STH_CIRM_1046_C
Bifidobacterium longum	216816	B_longum_N6D05_S
Lactobacillus gallinarum	52242	Lb_gallinarum_DSM_10532_S
Lactiplantibacillus plantarum	1590	Lb_plantarum_DOMLa_C
Lacticaseibacillus rhamnosus	47715	Lb_rhamnosus_QC_S
Lactobacillus crispatus	47770	Lb_crispatus_B4_C
Lactobacillus fermentum	1613	Lb_fermentum_447_S
Lactobacillus delbrueckii	1584	Lb_delbrueckii_CIRM-BIA_313_S
Streptococcus thermophilus	1308	St_thermophilus_ST106_C
Pediococcus pentosaceus	1255	Pe_pentosaceus_FAM_19144_S
Lactobacillus gasseri	1596	Lb_gasseri_AL3_S
Bifidobacterium breve	1685	B_breve_NRBB19_C
Lactobacillus crispatus	47770	Lb_crispatus_UMB0044_S
Propionibacterium freudenreichii	1744	Pr_freudenreichii_CIRM-BIA_1501_S
Lactobacillus fermentum	1613	Lb_fermentum_IFO_3956_C
Brevibacillus brevis	1393	Lb_brevis_LBAE_A15_S
Lacticaseibacillus casei	1582	Lb_casei_A2-362_S
Lactobacillus delbrueckii	1584	Lb_delbrueckii_DSM_20072_C
Bifidobacterium longum	216816	B_longum_ZJ1_C
Lactobacillus johnsonii	33959	Lb_johnsonii_CIRM-BIA_869_S
Bifidobacterium longum	216816	B_longum_GT15_C
Lacticaseibacillus casei	1582	Lb_casei_MJA_12_S
Streptococcus thermophilus	1308	St_thermophilus_STH_CIRM_67_C
Pediococcus pentosaceus	1255	Pe_pentosaceus_DSM_46292_S
Lactobacillus pentosus	1589	Lb_pentosus_IG10_S
Brevibacillus brevis	1393	Lb_brevis_CIRM-BIA_875_S
Lactobacillus helveticus	1587	Lb_helveticus_LH5_C
Streptococcus thermophilus	1308	St_thermophilus_STH_CIRM_18_C
Lactococcus lactis	1358	Lco_lactis_SD96_C
Lactococcus lactis	1358	Lco_lactis_subsp-lactis_EIP19S_S
Weissella cibaria	137591	W_cibaria_LBAE_D39_S
Lactobacillus crispatus	47770	Lb_crispatus_SJ-3C-US_S
Lacticaseibacillus paracasei	1597	Lb_paracasei_MGB0245_C
Propionibacterium freudenreichii	1744	Pr_freudenreichii_CIRM-BIA_1396_S
Brevibacillus brevis	1393	Lb_brevis_TMW_1-465_S
Lacticaseibacillus rhamnosus	47715	Lb_rhamnosus_BFE5264_C
Lactococcus lactis	1358	Lco_lactis_subsp-lactis_EIP43B_S
Lactobacillus helveticus	1587	Lb_helveticus_IMAU60210_S
Leuconostoc mesenteroides	1245	Leu_mesenteroides_DRC0211_C
Bifidobacterium breve	1685	B_breve_SC95_S
Leuconostoc suionicum	1511761	Leu_suionicum_CIRM-BIA_2124_S
Fructilactobacillus fructivorans	1614	F_fructivorans_176_S
Bifidobacterium longum	216816	B_longum_MGYG-HGUT-01292_C
Lactococcus lactis	1358	Lco_lactis_752_S
Lactobacillus delbrueckii	1584	Lb_delbrueckii_KCTC_13731_C
Weissella confusa	1583	W_confusa_1312_S
Pediococcus acidilactici	1254	Pe_acidilactici_J1101004_170508_C3_S
Lacticaseibacillus rhamnosus	47715	Lb_rhamnosus_ATCC_53103_C
Lactobacillus helveticus	1587	Lb_helveticus_IMAU50011_S
Lactobacillus delbrueckii	1584	Lb_delbrueckii_subsp-lactis_CIRM-BIA_266_S
Lactobacillus helveticus	1587	Lb_helveticus_1072_S
Lactococcus lactis	1358	Lco_lactis_ATCC_19257_S
Leuconostoc mesenteroides	1245	Leu_mesenteroides_WC0331_S
Latilactobacillus curvatus	28038	Lb_curvatus_WiKim52_C
Lactococcus lactis	1358	Lco_lactis_21_S
Bifidobacterium longum	216816	B_longum_JCM_11340_C
Bifidobacterium longum	216816	B_longum_N2F05_S
Lactococcus lactis	1358	Lco_lactis_KW2_C
Lactobacillus crispatus	47770	Lb_crispatus_CIRM-BIA_2233_S
Streptococcus thermophilus	1308	St_thermophilus_EPS_C
Bifidobacterium longum	216816	B_longum_AM39-8AC_S
Lactobacillus gasseri	1596	Lb_gasseri_MGYG-HGUT-03690_S
Lactobacillus helveticus	1587	Lb_helveticus_CIRM-BIA_114_S
Lactobacillus helveticus	1587	Lb_helveticus_IMAU50024_S
Lactobacillus amylovorus	1604	Lb_amylovorus_CIRM-BIA_669_S
Lactobacillus crispatus	47770	Lb_crispatus_UMNLC16_S
Weissella confusa	1583	W_confusa_1311_S
Pediococcus acidilactici	1254	Pe_acidilactici_L8-A_S
Lactobacillus crispatus	47770	Lb_crispatus_FB077-07_S
Streptococcus thermophilus	1308	St_thermophilus_JIM_8232_C
Pediococcus pentosaceus	1255	Pe_pentosaceus_CIRM-BIA_2275_S
Bifidobacterium longum	216816	B_longum_AH1206_C
Lactobacillus delbrueckii	1584	Lb_delbrueckii_subsp-bulgaricus_CIRM-BIA_1381_S
Pediococcus acidilactici	1254	Pe_acidilactici_SRCM102732_C
Lactobacillus acidophilus	1579	Lb_acidophilus_DSM_20079_S
Bifidobacterium longum	216816	B_longum_B-longum_ssp_infantis_6_C
Lactobacillus pentosus	1589	Lb_pentosus_CIRM-BIA_2174_S
Pediococcus parvulus	54062	Pe_parvulus_CIRM-BIA_750_S
Lactobacillus gasseri	1596	Lb_gasseri_MGYG-HGUT-02387_C
Lactobacillus helveticus	1587	Lb_helveticus_FAM8627_C
Bifidobacterium longum	216816	B_longum_Jih1_C
Lactobacillus amylovorus	1604	Lb_amylovorus_MGYG-HGUT-00161_S
Bifidobacterium breve	1685	B_breve_Bifidobacterium_breve_MC1_S
Lactobacillus helveticus	1587	Lb_helveticus_CIRM-BIA_2223_S
Latilactobacillus sakei	1599	Lb_sakei_MFPB19_C
Propionibacterium freudenreichii	1744	Pr_freudenreichii_PFRJS2_C
Bifidobacterium longum	216816	B_longum_AF03-27_S
Leuconostoc mesenteroides	1245	Leu_mesenteroides_BD1710_C
Lactiplantibacillus plantarum	1590	Lb_plantarum_1526_S
Lactococcus lactis	1358	Lco_lactis_GL2_S
Bifidobacterium breve	1685	B_breve_NRBB08_C
Lacticaseibacillus rhamnosus	47715	Lb_rhamnosus_AMC0713_S
Lactococcus lactis	1358	Lco_lactis_ASCC_1263_S
Lacticaseibacillus rhamnosus	47715	Lb_rhamnosus_DSM_20021_S
Leuconostoc citreum	33964	Leu_citreum_37_C
Lactobacillus delbrueckii	1584	Lb_delbrueckii_862_S
Lactobacillus crispatus	47770	Lb_crispatus_UMB1398_S
Lactobacillus delbrueckii	1584	Lb_delbrueckii_YNF-5_S
Lactobacillus amylovorus	1604	Lb_amylovorus_AF08-3_S
Lactobacillus johnsonii	33959	Lb_johnsonii_NCC_533_C
Lactococcus lactis	1358	Lco_lactis_CIRM-BIA_1578_S
Lactobacillus helveticus	1587	Lb_helveticus_DPC_4571_C
Leuconostoc mesenteroides	1245	Leu_mesenteroides_CBA3628_C
Bifidobacterium longum	216816	B_longum_AF03-20_S
Bifidobacterium longum	216816	B_longum_CECT_7210_C
Leuconostoc citreum	33964	Leu_citreum_CBA3627_C
Lactobacillus helveticus	1587	Lb_helveticus_DSM_20075_S
Lacticaseibacillus rhamnosus	47715	Lb_rhamnosus_UMB0004_S
Streptococcus thermophilus	1308	St_thermophilus_LMD-9_C
Lactobacillus acidophilus	1579	Lb_acidophilus_KLDS_1-0901_S
Bifidobacterium longum	216816	B_longum_AM42-13AT_S
Lacticaseibacillus rhamnosus	47715	Lb_rhamnosus_944_LRHA_S
Lactobacillus helveticus	1587	Lb_helveticus_IMAU30132_S
Lentilactobacillus buchneri	1581	Lb_buchneri_MGB0786_C
Lactobacillus pentosus	1589	Lb_pentosus_LBAE_A2_S
Lactobacillus johnsonii	33959	Lb_johnsonii_Byun-jo-01_C
Lactobacillus gasseri	1596	Lb_gasseri_UMB0670_S
Bifidobacterium longum	216816	B_longum_JDM301_C
Streptococcus thermophilus	1308	St_thermophilus_STH_CIRM_23_C
Lacticaseibacillus rhamnosus	47715	Lb_rhamnosus_1001311H_170123_H11_S
Leuconostoc citreum	33964	Leu_citreum_LBAE_B1_S
Latilactobacillus sakei	1599	Lb_sakei_RI-404_S
Propionibacterium freudenreichii	1744	Pr_freudenreichii_CIRM-BIA_689_S
Bifidobacterium longum	216816	B_longum_AM11-5_S
Lactobacillus helveticus	1587	Lb_helveticus_IMAU30109_S
Bifidobacterium longum	216816	B_longum_EK5_S
Leuconostoc lactis	1246	Leu_lactis_CBA3622_C
Lactobacillus acidophilus	1579	Lb_acidophilus_CIP_76-13_S
Latilactobacillus curvatus	28038	Lb_curvatus_MRS6_C
Lactobacillus johnsonii	33959	Lb_johnsonii_BSD2780061687_150420_B4_S
Lactococcus lactis	1358	Lco_lactis_L62-G9_S
Limosilactobacillus reuteri	1598	Lb_reuteri_CIRM-BIA_912_S
Lactobacillus helveticus	1587	Lb_helveticus_CIRM-BIA_678_S
Bifidobacterium longum	216816	B_longum_AM21-20_S
Lactobacillus pentosus	1589	Lb_pentosus_IG9_S
Lactococcus cremoris	1359	Lco_cremoris_HER1205_S
Lactobacillus helveticus	1587	Lb_helveticus_IMAU30028_S
Bifidobacterium longum	216816	B_longum_TM06-1_S
Lactobacillus johnsonii	33959	Lb_johnsonii_ZLJ010_C
Lactococcus lactis	1358	Lco_lactis_IPLA1064_S
Leuconostoc mesenteroides	1245	Leu_mesenteroides_SG315_S
Pediococcus acidilactici	1254	Pe_acidilactici_CIRM-BIA_747_S
Lactococcus cremoris	1359	Lco_cremoris_CIRM-BIA_2198_S
Lacticaseibacillus rhamnosus	47715	Lb_rhamnosus_LOCK900_C
Lactobacillus fermentum	1613	Lb_fermentum_CIRM-BIA_893_S
Lactobacillus pentosus	1589	Lb_pentosus_IG11_S
Lacticaseibacillus rhamnosus	47715	Lb_rhamnosus_DSM_14870_C
Leuconostoc mesenteroides	1245	Leu_mesenteroides_AtHG50_S
Bifidobacterium longum	216816	B_longum_TF08-4AC_S
Lentilactobacillus hilgardii	1588	Lb_hilgardii_LMG_07934_C
Lactobacillus acidophilus	1579	Lb_acidophilus_LA-G80-111_C
Lactococcus lactis	1358	Lco_lactis_ASCC_519_S
Bifidobacterium longum	216816	B_longum_157F_C
Leuconostoc pseudomesenteroides	33968	Leu_pseudomesenteroides_LBAE_H9_S
Lactococcus cremoris	1359	Lco_cremoris_EIP58E_S
Lactobacillus fermentum	1613	Lb_fermentum_28-3-CHN_S
Lactococcus lactis	1358	Lco_lactis_1034_S
Lactobacillus crispatus	47770	Lb_crispatus_UMB0085_S
Streptococcus thermophilus	1308	St_thermophilus_STH_CIRM_36_C
Lactobacillus fermentum	1613	Lb_fermentum_CIRM-BIA_872_S
Bifidobacterium longum	216816	B_longum_LH_12_S
Bifidobacterium longum	216816	B_longum_AF08-2_S
Bifidobacterium longum	216816	B_longum_TF06-12AC_S
Latilactobacillus curvatus	28038	Lb_curvatus_1528_S
Lacticaseibacillus paracasei	1597	Lb_paracasei_1016_S
Lactobacillus helveticus	1587	Lb_helveticus_IMAU30056_S
Leuconostoc pseudomesenteroides	33968	Leu_pseudomesenteroides_LMGH284_S
Lactococcus lactis	1358	Lco_lactis_subsp-lactis_EIP08A_S
Lactococcus cremoris	1359	Lco_cremoris_CIRM-BIA_642_S
Lactococcus lactis	1358	Lco_lactis_CV56_C
Lactobacillus crispatus	47770	Lb_crispatus_RL19_S
Pediococcus pentosaceus	1255	Pe_pentosaceus_CIRM-BIA_2243_S
Latilactobacillus sakei	1599	Lb_sakei_J54_C
Pediococcus acidilactici	1254	Pe_acidilactici_LPBC161_S
Limosilactobacillus reuteri	1598	Lb_reuteri_CIRM-BIA_696_S
Streptococcus thermophilus	1308	St_thermophilus_N4L_C
Lactococcus lactis	1358	Lco_lactis_MS22333_S
Lactococcus lactis	1358	Lco_lactis_CIRM-BIA_1217_S
Lactobacillus helveticus	1587	Lb_helveticus_CIRM-BIA_450_S
Leuconostoc citreum	33964	Leu_citreum_LBAE_B7_S
Lactobacillus fermentum	1613	Lb_fermentum_998_S
Pediococcus pentosaceus	1255	Pe_pentosaceus_FAM18813_S
Lactobacillus gasseri	1596	Lb_gasseri_1001285H_161024_C10_S
Streptococcus thermophilus	1308	St_thermophilus_MN-BM-A02_C
Lactobacillus pentosus	1589	Lb_pentosus_ATCC_8041_S
Lacticaseibacillus rhamnosus	47715	Lb_rhamnosus_LV108_C
Lactobacillus delbrueckii	1584	Lb_delbrueckii_subsp-bulgaricus_CIRM-BIA_905_S
Lactobacillus crispatus	47770	Lb_crispatus_VMC5_S
Pediococcus acidilactici	1254	Pe_acidilactici_L14-B_S
Limosilactobacillus reuteri	1598	Lb_reuteri_MM2-3_S
Lentilactobacillus buchneri	1581	Lb_buchneri_LA1161B_S
Lentilactobacillus buchneri	1581	Lb_buchneri_177_S
Lactococcus lactis	1358	Lco_lactis_subsp-lactis_NCDO2727_S
Bifidobacterium longum	216816	B_longum_JCM_11347_C
Streptococcus thermophilus	1308	St_thermophilus_STH_CIRM_1050_C
Lactiplantibacillus plantarum	1590	Lb_plantarum_CIRM-BIA_1108_S
Pediococcus pentosaceus	1255	Pe_pentosaceus_LBAE_E21_S
Lactobacillus helveticus	1587	Lb_helveticus_IMAU20078_S
Lacticaseibacillus rhamnosus	47715	Lb_rhamnosus_CIRM-BIA_2120_S
Leuconostoc mesenteroides	1245	Leu_mesenteroides_CIRM-BIA_740_S
Lactobacillus helveticus	1587	Lb_helveticus_IMAU60117_S
Lactobacillus delbrueckii	1584	Lb_delbrueckii_P3MRA_C
Lactobacillus crispatus	47770	Lb_crispatus_UMNLC22_S
Streptococcus thermophilus	1308	St_thermophilus_STH_CIRM_1051_C
Propionibacterium freudenreichii	1744	Pr_freudenreichii_CIRM_BIA138_S
Lactobacillus helveticus	1587	Lb_helveticus_CIRM-BIA_111_S
Leuconostoc citreum	33964	Leu_citreum_CBA3623_C
Lentilactobacillus buchneri	1581	Lb_buchneri_CD034_C
Latilactobacillus curvatus	28038	Lb_curvatus_LBAE_E14_S
Lacticaseibacillus rhamnosus	47715	Lb_rhamnosus_1001216B_150713_B1_S
Lactobacillus pentosus	1589	Lb_pentosus_CIRM-BIA_2178_S
Lactobacillus fermentum	1613	Lb_fermentum_CIRM-BIA_891_S
Lactobacillus delbrueckii	1584	Lb_delbrueckii_UBLB01_S
Bifidobacterium longum	216816	B_longum_AF34-9AC_S
Lactobacillus gasseri	1596	Lb_gasseri_TF08-1_S
Lactiplantibacillus plantarum	1590	Lb_plantarum_CIRM-BIA_2183_S
Pediococcus acidilactici	1254	Pe_acidilactici_CACC_537_C
Lactobacillus acidophilus	1579	Lb_acidophilus_CIRM-BIA_439_S
Lactobacillus helveticus	1587	Lb_helveticus_CIRM-BIA_104_S
Propionibacterium freudenreichii	1744	Pr_freudenreichii_DSM_20271_C
Lentilactobacillus buchneri	1581	Lb_buchneri_ATCC_4005_S
Bifidobacterium longum	216816	B_longum_BXY01_C
Bifidobacterium longum	216816	B_longum_BSD2780120874_150323_H5_S
Streptococcus thermophilus	1308	St_thermophilus_STH_CIRM_1116_C
Lactobacillus helveticus	1587	Lb_helveticus_IMAU10142_S
Bifidobacterium longum	216816	B_longum_12_1_47BFAA_S
Lactobacillus kefiranofaciens	267818	Lb_kefiranofaciens_ATCC_43761_S
Brevibacillus brevis	1393	Lb_brevis_LMT1-73_C
Pediococcus pentosaceus	1255	Pe_pentosaceus_FAM_24207_S
Lactobacillus fermentum	1613	Lb_fermentum_CIRM-BIA_2155_S
Lactobacillus helveticus	1587	Lb_helveticus_IMAU20067_S
Lactobacillus acidophilus	1579	Lb_acidophilus_LA1_C
Lactococcus lactis	1358	Lco_lactis_CIRM-BIA_851_S
Pediococcus ethanolidurans	319653	Pe_ethanolidurans_CIRM-BIA_2167_S
Lactobacillus delbrueckii	1584	Lb_delbrueckii_subsp-lactis_CIRM-BIA_264_S
Leuconostoc citreum	33964	Leu_citreum_LBAE_H6_S
Lactobacillus helveticus	1587	Lb_helveticus_CIRM-BIA_2189_S
Lactococcus lactis	1358	Lco_lactis_KMB_596_S
Lactiplantibacillus plantarum	1590	Lb_plantarum_CIRM-BIA_855_S
Lacticaseibacillus paracasei	1597	Lb_paracasei_N1115_C
Weissella confusa	1583	W_confusa_1523_S
Weissella cibaria	137591	W_cibaria_1365_S
Pediococcus parvulus	54062	Pe_parvulus_CIRM-BIA_2166_S
Bifidobacterium breve	1685	B_breve_DRBB26_C
Pediococcus pentosaceus	1255	Pe_pentosaceus_LMG_11487_S
Propionibacterium freudenreichii	1744	Pr_freudenreichii_ITG_P14_S
Lactobacillus fermentum	1613	Lb_fermentum_790_S
Lactiplantibacillus plantarum	1590	Lb_plantarum_UCMA_3037_S
Lactobacillus helveticus	1587	Lb_helveticus_IMAU30156_S
Pediococcus pentosaceus	1255	Pe_pentosaceus_LBAE_B20_S
Bifidobacterium breve	1685	B_breve_GED8481_S
Lacticaseibacillus rhamnosus	47715	Lb_rhamnosus_AMC0709_S
Lactiplantibacillus plantarum	1590	Lb_plantarum_CGMCC_1-2437_S
Lactococcus lactis	1358	Lco_lactis_1053_S
Lactobacillus johnsonii	33959	Lb_johnsonii_Q1-7_S
Lactococcus cremoris	1359	Lco_cremoris_CIRM-BIA_84_S
Bifidobacterium longum	216816	B_longum_TM04-17_S
Bifidobacterium longum	216816	B_longum_BT1_C
Lactobacillus delbrueckii	1584	Lb_delbrueckii_subsp-bulgaricus_CIRM-BIA_773_S
Leuconostoc falkenbergense	2766470	Leu_falkenbergense_CIRM-BIA_1191_S
Bacillus parabrevis	54914	Lb_parabrevis_CIRM-BIA_2228_S
Lactobacillus helveticus	1587	Lb_helveticus_IMAU60211_S
Bifidobacterium longum	216816	B_longum_AF30-12_S
Propionibacterium freudenreichii	1744	Pr_freudenreichii_CIRM_BIA118_S
Lacticaseibacillus paracasei	1597	Lb_paracasei_MGB0625_C
Bifidobacterium breve	1685	B_breve_NRBB01_C
Propionibacterium freudenreichii	1744	Pr_freudenreichii_CIRM-BIA_515_S
Lactobacillus crispatus	47770	Lb_crispatus_CIRM-BIA_2111_S
Propionibacterium freudenreichii	1744	Pr_freudenreichii_T82_S
Lactococcus lactis	1358	Lco_lactis_A12_C
Lentilactobacillus hilgardii	1588	Lb_hilgardii_ATCC_8290_S
Leuconostoc mesenteroides	1245	Leu_mesenteroides_CIRM-BIA_694_S
Lacticaseibacillus rhamnosus	47715	Lb_rhamnosus_ASCC_3016_S
Streptococcus thermophilus	1308	St_thermophilus_St1-WT_S
Lactobacillus pentosus	1589	Lb_pentosus_CIRM-BIA_2179_S
Lentilactobacillus buchneri	1581	Lb_buchneri_SG162_S
Lacticaseibacillus paracasei	1597	Lb_paracasei_CIRM-BIA_288_S
Limosilactobacillus reuteri	1598	Lb_reuteri_CF48-3A_S
Lactobacillus crispatus	47770	Lb_crispatus_RL21_S
Brevibacillus brevis	1393	Lb_brevis_TMW_1-2113_C
Lactococcus lactis	1358	Lco_lactis_CH_LC01_S
Lactobacillus helveticus	1587	Lb_helveticus_IMAU30078_S
Latilactobacillus sakei	1599	Lb_sakei_MBEL1397_C
Bifidobacterium longum	216816	B_longum_1001275B_160808_B3_S
Bifidobacterium breve	1685	B_breve_W56_S
Streptococcus thermophilus	1308	St_thermophilus_APC151_C
Bifidobacterium longum	216816	B_longum_NCTC11817_C
Lactiplantibacillus plantarum	1590	Lb_plantarum_BIA_JP8_S
Pediococcus pentosaceus	1255	Pe_pentosaceus_6_1_S
Pediococcus acidilactici	1254	Pe_acidilactici_BCC1_C
Lactobacillus helveticus	1587	Lb_helveticus_IMAU30034_S
Brevibacillus brevis	1393	Lb_brevis_100D8_C
Streptococcus thermophilus	1308	St_thermophilus_ACA-DC_2_C
Weissella confusa	1583	W_confusa_1479_S
Leuconostoc lactis	1246	Leu_lactis_1001095IJ_161003_G5_S
Bifidobacterium longum	216816	B_longum_LH_664_S
Lacticaseibacillus rhamnosus	47715	Lb_rhamnosus_MGYG-HGUT-01293_C
Weissella confusa	1583	W_confusa_1433_S
Lactobacillus johnsonii	33959	Lb_johnsonii_FI9785_C
Lacticaseibacillus rhamnosus	47715	Lb_rhamnosus_FAM_20558_S
Bifidobacterium breve	1685	B_breve_017W439_C
Bifidobacterium longum	216816	B_longum_AF27-1BH_S
Lactococcus lactis	1358	Lco_lactis_CIRM-BIA_852_S
Lactobacillus delbrueckii	1584	Lb_delbrueckii_subsp-bulgaricus_CIRM-BIA_844_S
Brevibacillus brevis	1393	Lb_brevis_ATCC_27305_S
Lactobacillus acidophilus	1579	Lb_acidophilus_FSI4_C
Leuconostoc citreum	33964	Leu_citreum_LBAE_C12_S
Pediococcus pentosaceus	1255	Pe_pentosaceus_SRCM102738_C
Lactobacillus crispatus	47770	Lb_crispatus_RL14_S
Lactococcus lactis	1358	Lco_lactis_CIRM-BIA_2200_S
Propionibacterium freudenreichii	1744	Pr_freudenreichii_CIRM-BIA_1412_S
Propionibacterium freudenreichii	1744	Pr_freudenreichii_CIRM_BIA123_S
Propionibacterium freudenreichii	1744	Pr_freudenreichii_CIRM-BIA_704_S
Lactobacillus delbrueckii	1584	Lb_delbrueckii_subsp-bulgaricus_CIRM-BIA_1376_S
Lactiplantibacillus plantarum	1590	Lb_plantarum_CIRM-BIA_2106_S
Lactobacillus johnsonii	33959	Lb_johnsonii_CIRM-BIA_871_S
Lactiplantibacillus plantarum	1590	Lb_plantarum_CIRM-BIA_465_S
Bifidobacterium breve	1685	B_breve_NRBB51_C
Lacticaseibacillus rhamnosus	47715	Lb_rhamnosus_BPL15_S
Lactobacillus helveticus	1587	Lb_helveticus_IMAU20035_S
Brevibacillus brevis	1393	Lb_brevis_CIRM-BIA_2232_S
Lactobacillus delbrueckii	1584	Lb_delbrueckii_subsp-lactis_CIRM-BIA_225_S
Lactobacillus amylovorus	1604	Lb_amylovorus_CIRM-BIA_2077_S
Lacticaseibacillus rhamnosus	47715	Lb_rhamnosus_CIRM-BIA_2131_S
Lactococcus cremoris	1359	Lco_cremoris_CIRM-BIA_1646_S
Streptococcus thermophilus	1308	St_thermophilus_B59671_C
Latilactobacillus curvatus	28038	Lb_curvatus_VRA_2sq_n_S
Brevibacillus brevis	1393	Lb_brevis_CIRM-BIA_2227_S
Lacticaseibacillus rhamnosus	47715	Lb_rhamnosus_LR-B1_C
Pediococcus pentosaceus	1255	Pe_pentosaceus_GDIAS001_C
Weissella cibaria	137591	W_cibaria_1258_S
Bifidobacterium longum	216816	B_longum_EK13_S
Pediococcus acidilactici	1254	Pe_acidilactici_L2-A_S
Lactobacillus johnsonii	33959	Lb_johnsonii_CIRM-BIA_1448_S
Lactococcus lactis	1358	Lco_lactis_1001095IJ_161003_G11_S
Lactobacillus helveticus	1587	Lb_helveticus_CIRM-BIA_679_S
Lactococcus lactis	1358	Lco_lactis_F44_C
Propionibacterium freudenreichii	1744	Pr_freudenreichii_CIRM_BIA139_S
Bifidobacterium longum	216816	B_longum_AF05-2_S
Lactobacillus fermentum	1613	Lb_fermentum_712_S
Pediococcus acidilactici	1254	Pe_acidilactici_JQII-5_C
Lactococcus lactis	1358	Lco_lactis_subsp-lactis_S642_S
Latilactobacillus curvatus	28038	Lb_curvatus_IRG2_C
Brevibacillus brevis	1393	Lb_brevis_UCCLBBS449_C
Latilactobacillus sakei	1599	Lb_sakei_WiKim0074_C
Lactobacillus helveticus	1587	Lb_helveticus_IMAU80668_S
Lactococcus lactis	1358	Lco_lactis_IL1403_C
Bifidobacterium longum	216816	B_longum_J1101004_170508_D4_S
Lacticaseibacillus rhamnosus	47715	Lb_rhamnosus_AMC0712_S
Lacticaseibacillus rhamnosus	47715	Lb_rhamnosus_ATCC_11443_C
Bifidobacterium longum	216816	B_longum_B-longum_ssp_infantis_4_S
Brevibacillus brevis	1393	Lb_brevis_TMW_1-2112_C
Leuconostoc mesenteroides	1245	Leu_mesenteroides_FM06_C
Bifidobacterium breve	1685	B_breve_NRBB56_C
Lactiplantibacillus plantarum	1590	Lb_plantarum_WCFS1_C
Pediococcus acidilactici	1254	Pe_acidilactici_SRCM100424_C
Lactobacillus johnsonii	33959	Lb_johnsonii_CIRM-BIA_651_S
Lactobacillus amylovorus	1604	Lb_amylovorus_DSM_16698_S
Latilactobacillus sakei	1599	Lb_sakei_L15_S
Lactobacillus pentosus	1589	Lb_pentosus_IG5_S
Lactobacillus helveticus	1587	Lb_helveticus_IMAU60066_S
Bifidobacterium breve	1685	B_breve_JR01_C
Lactococcus lactis	1358	Lco_lactis_IL6288_C
Propionibacterium freudenreichii	1744	Pr_freudenreichii_PFRJS8_C
Propionibacterium freudenreichii	1744	Pr_freudenreichii_CIRM_BIA135_S
Lactococcus lactis	1358	Lco_lactis_LD61_S
Bifidobacterium longum	216816	B_longum_AF05-16_S
Lactobacillus helveticus	1587	Lb_helveticus_H10_C
Lactobacillus helveticus	1587	Lb_helveticus_IMAU60227_S
Pediococcus pentosaceus	1255	Pe_pentosaceus_DSM_20333_S
Lactobacillus acidophilus	1579	Lb_acidophilus_CIRM-BIA_447_S
Pediococcus pentosaceus	1255	Pe_pentosaceus_LBAE_E3_S
Bifidobacterium longum	216816	B_longum_UMB0788_S
Lentilactobacillus buchneri	1581	Lb_buchneri_CIRM-BIA_845_S
Streptococcus thermophilus	1308	St_thermophilus_GABA_C
Lactobacillus delbrueckii	1584	Lb_delbrueckii_CBC-LB8_S
Latilactobacillus curvatus	28038	Lb_curvatus_TMW_1-1928_C
Lacticaseibacillus rhamnosus	47715	Lb_rhamnosus_CIRM-BIA_1436_S
Bifidobacterium longum	216816	B_longum_CMCC_P0001_S
Lacticaseibacillus paracasei	1597	Lb_paracasei_CIRM-BIA_2129_S
Lactobacillus johnsonii	33959	Lb_johnsonii_CIRM-BIA_650_S
Pediococcus acidilactici	1254	Pe_acidilactici_ZPA017_C
Leuconostoc lactis	1246	Leu_lactis_CBA3625_C
Bifidobacterium longum	216816	B_longum_TM01-1_S
Lactobacillus gasseri	1596	Lb_gasseri_SJ-9E-US_S
Propionibacterium freudenreichii	1744	Pr_freudenreichii_CB129slpB_C
Bifidobacterium longum	216816	B_longum_NCC2705_C
Bifidobacterium longum	216816	B_longum_CCUG_52486_S
Lactiplantibacillus plantarum	1590	Lb_plantarum_1527_S
Latilactobacillus sakei	1599	Lb_sakei_FAM18311_C
Lactiplantibacillus plantarum	1590	Lb_plantarum_JDM1_C
Pediococcus acidilactici	1254	Pe_acidilactici_SRCM103367_C
Leuconostoc citreum	33964	Leu_citreum_CIRM-BIA_2090_S
Lacticaseibacillus casei	1582	Lb_casei_ATCC_393_C
Lactobacillus helveticus	1587	Lb_helveticus_IMAU60206_S
Limosilactobacillus reuteri	1598	Lb_reuteri_CIRM-BIA_911_S
Bifidobacterium longum	216816	B_longum_AM20-19AC_S
Streptococcus thermophilus	1308	St_thermophilus_CS8_C
Bifidobacterium longum	216816	B_longum_NCTC11818_C
Lactobacillus crispatus	47770	Lb_crispatus_UMNLC24_S
Bifidobacterium longum	216816	B_longum_35624_C
Lacticaseibacillus rhamnosus	47715	Lb_rhamnosus_CIRM-BIA_1952_S
Bifidobacterium breve	1685	B_breve_JCP7499_S
Streptococcus thermophilus	1308	St_thermophilus_CS5_C
Leuconostoc lactis	1246	Leu_lactis_WiKim40_C
Pediococcus acidilactici	1254	Pe_acidilactici_IRZ12B_S
Pediococcus acidilactici	1254	Pe_acidilactici_MGYG-HGUT-01296_S
Lactobacillus amylovorus	1604	Lb_amylovorus_CIRM-BIA_2078_S
Lentilactobacillus buchneri	1581	Lb_buchneri_CIRM-BIA_1514_S
Lactococcus lactis	1358	Lco_lactis_subsp-lactis_NCDO2125_S
Streptococcus thermophilus	1308	St_thermophilus_STH_CIRM_1055_C
Lactobacillus helveticus	1587	Lb_helveticus_IMAU10031_S
Streptococcus thermophilus	1308	St_thermophilus_STH_CIRM_1358_C
Lactobacillus delbrueckii	1584	Lb_delbrueckii_subsp-lactis_CIRM-BIA_1374_S
Lactococcus cremoris	1359	Lco_cremoris_CIRM-BIA_2199_S
Streptococcus thermophilus	1308	St_thermophilus_ST109_C
Bifidobacterium longum	216816	B_longum_AM39-10AC_S
Lactobacillus crispatus	47770	Lb_crispatus_NCK1351_S
Lactobacillus delbrueckii	1584	Lb_delbrueckii_subsp-lactis_CIRM-BIA_1377_S
Lactobacillus alimentarius	1602	Lb_alimentarius_DSM_20249_S
Lactobacillus helveticus	1587	Lb_helveticus_KLDS1-8701_C
Lacticaseibacillus rhamnosus	47715	Lb_rhamnosus_390_LRHA_S
Lacticaseibacillus rhamnosus	47715	Lb_rhamnosus_Lrh39_S
Lactococcus lactis	1358	Lco_lactis_subsp-lactis_UCMA5716_S
Streptococcus salivarius	1304	Lb_salivarius_UCC118_C
Lactococcus lactis	1358	Lco_lactis_MS22336_S
Pediococcus pentosaceus	1255	Pe_pentosaceus_SRCM102739_C
Lactobacillus crispatus	47770	Lb_crispatus_MV-1A-US_S
Lacticaseibacillus rhamnosus	47715	Lb_rhamnosus_BIO6870_C
Lactobacillus kefiranofaciens	267818	Lb_kefiranofaciens_LKK75_C
Lentilactobacillus hilgardii	1588	Lb_hilgardii_CIRM-BIA_2119_S
Lactococcus lactis	1358	Lco_lactis_158_C
Lactobacillus fermentum	1613	Lb_fermentum_CIRM-BIA_2154_S
Lactococcus lactis	1358	Lco_lactis_UC063_C
Streptococcus thermophilus	1308	St_thermophilus_STH_CIRM_32_C
Lactobacillus gasseri	1596	Lb_gasseri_770_LJOH_S
Bifidobacterium longum	216816	B_longum_VMKB44_S
Lactobacillus helveticus	1587	Lb_helveticus_FAM8106_S
Bifidobacterium breve	1685	B_breve_ACS-071-V-Sch8b_C
Lactobacillus delbrueckii	1584	Lb_delbrueckii_subsp-bulgaricus_CIRM-BIA_1378_S
Lactobacillus johnsonii	33959	Lb_johnsonii_IDCC9203_C
Lactococcus cremoris	1359	Lco_cremoris_CIRM-BIA_1571_S
Lactobacillus delbrueckii	1584	Lb_delbrueckii_JCM_17838_C
Leuconostoc suionicum	1511761	Leu_suionicum_CIRM-BIA_2126_S
Weissella confusa	1583	W_confusa_1486_S
Lactobacillus delbrueckii	1584	Lb_delbrueckii_TS1-06_C
Lactobacillus crispatus	47770	Lb_crispatus_UMB0803_S
Lactiplantibacillus plantarum	1590	Lb_plantarum_1529_S
Bifidobacterium longum	216816	B_longum_AF03-10_S
Brevibacillus brevis	1393	Lb_brevis_994_S
Lentilactobacillus buchneri	1581	Lb_buchneri_LA1181_S
Bifidobacterium longum	216816	B_longum_CMW7750_S
Brevibacillus brevis	1393	Lb_brevis_CIRM-BIA_2231_S
Streptococcus thermophilus	1308	St_thermophilus_STH_CIRM_29_C
Bifidobacterium breve	1685	B_breve_lw01_C
Lactobacillus delbrueckii	1584	Lb_delbrueckii_L99_C
Limosilactobacillus reuteri	1598	Lb_reuteri_ATCC_53608_C
Pediococcus pentosaceus	1255	Pe_pentosaceus_FAM_24211_S
Bifidobacterium longum	216816	B_longum_1001175st1_G10_S
Bifidobacterium breve	1685	B_breve_W20-13_S
Lactococcus lactis	1358	Lco_lactis_CIRM-BIA_1216_S
Bifidobacterium longum	216816	B_longum_N3E01-2_S
Weissella cibaria	137591	W_cibaria_1374_S
Lactococcus lactis	1358	Lco_lactis_UC06_C
Lentilactobacillus buchneri	1581	Lb_buchneri_1014_S
Lactobacillus amylovorus	1604	Lb_amylovorus_CIRM-BIA_2076_S
Lactobacillus acidophilus	1579	Lb_acidophilus_CIRM-BIA_437_S
Lactococcus cremoris	1359	Lco_cremoris_C2_S
Brevibacillus brevis	1393	Lb_brevis_SA-C12_C
Lactobacillus delbrueckii	1584	Lb_delbrueckii_subsp-lactis_CIRM-BIA_231_S
Bifidobacterium breve	1685	B_breve_NRBB11_C
Lactobacillus acidophilus	1579	Lb_acidophilus_La-14_C
Pediococcus pentosaceus	1255	Pe_pentosaceus_SRCM100194_C
Lactiplantibacillus plantarum	1590	Lb_plantarum_CIRM-BIA_776_S
Bifidobacterium longum	216816	B_longum_AM11-2_S
Lactobacillus delbrueckii	1584	Lb_delbrueckii_866_S
Lactobacillus delbrueckii	1584	Lb_delbrueckii_CIRM-BIA_675_S
